Date,425 SAO Al
2012-05-20 05:00:00,6.367
2012-05-27 05:00:00,6.183
2012-06-03 05:00:00,6.257
2012-06-17 05:00:00,6.479
2012-09-30 16:00:00,6.106
2012-10-24 03:00:00,6.095
2012-10-25 03:00:00,5.843
2012-10-26 03:00:00,5.873
2012-10-26 12:00:00,6.271
2012-10-26 12:00:00,6.399
2012-10-26 12:00:00,6.098
2012-10-26 12:00:00,6.791
2013-08-21 05:00:00,6.366
2013-08-22 05:00:00,6.332
2013-08-23 05:00:00,6.349
2013-08-24 05:00:00,6.288
2013-08-25 05:00:00,6.325
2013-08-26 05:00:00,6.008
2013-08-27 05:00:00,5.68
2013-08-28 05:00:00,5.922
2013-08-29 05:00:00,6.166
2013-08-30 05:00:00,6.244
2013-08-31 05:00:00,6.055
2013-09-01 05:00:00,6.177
2013-09-02 05:00:00,6.087
2013-09-03 05:00:00,6.017
2013-09-04 05:00:00,6.791
2013-09-05 05:00:00,6.196
2013-09-06 05:00:00,6.282
2013-09-07 05:00:00,6.358
2013-09-08 05:00:00,6.342
2013-09-09 05:00:00,6.173
2013-09-10 05:00:00,5.893
2013-09-11 05:00:00,6.228
2013-09-12 05:00:00,6.37
2013-09-13 05:00:00,6.458
2013-09-14 05:00:00,6.513
2013-09-15 05:00:00,6.567
2013-09-16 05:00:00,6.682
2013-09-17 05:00:00,6.351
2013-09-18 05:00:00,6.484
2013-09-20 05:00:00,6.548
2013-09-21 05:00:00,6.549
2013-09-22 05:00:00,6.302
2013-09-23 05:00:00,6.257
2013-09-25 05:00:00,6.45
2013-09-26 05:00:00,6.391
2013-09-27 05:00:00,6.248
2013-09-28 05:00:00,6.226
2013-09-29 05:00:00,6.357
2013-09-30 05:00:00,6.521
2013-10-01 05:00:00,6.339
2013-10-02 05:00:00,6.162
2013-10-03 05:00:00,6.174
2013-10-04 05:00:00,6.156
2013-10-05 05:00:00,6.099
2013-10-06 05:00:00,6.137
2013-10-07 05:00:00,6.137
2013-10-08 05:00:00,6.097
2013-10-09 05:00:00,6.108
2013-10-10 05:00:00,6.166
2013-10-11 05:00:00,6.061
2013-10-12 05:00:00,6.195
2013-10-13 05:00:00,6.334
2013-10-14 05:00:00,6.356
2013-10-15 05:00:00,6.263
2013-10-16 05:00:00,6.184
2013-10-17 05:00:00,6.261
2013-10-18 05:00:00,6.119
2013-10-19 05:00:00,6.211
2013-10-21 05:00:00,6.143
2013-10-22 05:00:00,6.173
2013-10-27 05:00:00,6.224
2013-10-28 05:00:00,6.199
2013-10-29 05:00:00,5.777
2013-10-30 05:00:00,6.18
2013-10-31 05:00:00,6.102
2013-11-01 05:00:00,6.12
2013-11-02 05:00:00,6.105
2013-11-03 05:00:00,5.526
2013-11-03 05:00:00,5.262
2013-11-04 05:00:00,6.086
2013-11-05 05:00:00,6.018
2013-11-06 05:00:00,6.056
2013-11-07 05:00:00,6.061
2013-11-08 05:00:00,6.058
2013-11-09 05:00:00,5.943
2013-11-10 05:00:00,5.991
2013-11-11 05:00:00,6.102
2013-11-12 05:00:00,6.018
2013-11-13 05:00:00,6.109
2013-11-14 05:00:00,6.097
2013-11-15 05:00:00,6.012
2013-11-16 05:00:00,6.184
2013-11-17 05:00:00,6.171
2013-11-18 05:00:00,6.153
2013-11-19 05:00:00,6.086
2013-11-20 05:00:00,6.184
2013-11-21 05:00:00,6.123
2013-11-22 05:00:00,6.128
2013-11-23 05:00:00,6.231
2013-11-24 05:00:00,6.264
2013-11-25 05:00:00,6.179
2013-11-26 05:00:00,6.31
2013-11-27 05:00:00,6.1
2013-11-28 05:00:00,6.226
2013-11-29 05:00:00,6.328
2013-11-30 05:00:00,6.338
2013-12-01 05:00:00,6.182
2013-12-02 05:00:00,5.325
2013-12-03 05:00:00,6.496
2013-12-04 05:00:00,6.095
2013-12-05 05:00:00,6.104
2013-12-06 05:00:00,6.334
2013-12-07 05:00:00,6.298
2013-12-08 05:00:00,6.262
2013-12-09 05:00:00,6.291
2013-12-10 05:00:00,6.235
2013-12-11 05:00:00,6.181
2013-12-12 05:00:00,6.273
2013-12-13 05:00:00,6.062
2013-12-14 05:00:00,6.179
2013-12-15 05:00:00,6.222
2013-12-16 05:00:00,6.351
2013-12-17 05:00:00,6.309
2013-12-18 05:00:00,6.247
2013-12-19 05:00:00,6.258
2013-12-20 05:00:00,6.263
2013-12-21 05:00:00,6.249
2013-12-22 05:00:00,6.234
2013-12-23 05:00:00,6.288
2013-12-24 05:00:00,6.196
2013-12-25 05:00:00,6.235
2013-12-26 05:00:00,6.218
2013-12-27 05:00:00,6.212
2013-12-28 05:00:00,6.127
2013-12-29 05:00:00,6.219
2013-12-30 05:00:00,6.048
2013-12-31 05:00:00,6.197
2014-01-01 05:00:00,5.992
2014-01-02 05:00:00,6.166
2014-01-03 05:00:00,6.099
2014-01-04 05:00:00,6.242
2014-01-05 05:00:00,6.255
2014-01-06 05:00:00,6.185
2014-01-07 05:00:00,6.28
2014-01-08 05:00:00,6.134
2014-01-09 05:00:00,6.196
2014-01-10 05:00:00,6.16
2014-01-11 05:00:00,5.897
2014-01-12 05:00:00,6.231
2014-01-13 05:00:00,6.064
2014-01-14 05:00:00,6.141
2014-01-15 05:00:00,6.219
2014-01-16 05:00:00,6.217
2014-01-17 05:00:00,6.151
2014-01-18 05:00:00,6.3
2014-01-19 05:00:00,6.372
2014-01-20 05:00:00,6.294
2014-01-21 05:00:00,6.136
2014-01-22 05:00:00,6.243
2014-01-23 05:00:00,6.239
2014-01-24 05:00:00,6.017
2014-01-25 05:00:00,6.004
2014-01-26 05:00:00,6.128
2014-01-27 05:00:00,6.195
2014-01-28 05:00:00,6.232
2014-01-29 05:00:00,6.449
2014-01-30 05:00:00,6.333
2014-01-31 05:00:00,6.315
2014-02-01 05:00:00,6.307
2014-02-02 05:00:00,6.34
2014-02-03 05:00:00,6.356
2014-02-04 05:00:00,6.342
2014-02-05 05:00:00,6.206
2014-02-06 05:00:00,6.375
2014-02-07 05:00:00,6.328
2014-02-08 05:00:00,6.229
2014-02-09 05:00:00,6.103
2014-02-10 05:00:00,5.955
2014-02-11 05:00:00,6.019
2014-02-12 05:00:00,6.248
2014-02-13 05:00:00,6.382
2014-02-14 05:00:00,6.29
2014-02-15 05:00:00,6.211
2014-02-16 05:00:00,6.223
2014-02-17 05:00:00,6.189
2014-02-18 05:00:00,6.081
2014-02-19 05:00:00,6.09
2014-02-20 05:00:00,6.142
2014-02-21 05:00:00,6.12
2014-02-22 05:00:00,6.111
2014-02-23 05:00:00,5.945
2014-02-24 05:00:00,6.064
2014-02-25 05:00:00,5.948
2014-02-26 05:00:00,5.928
2014-02-27 05:00:00,6.087
2014-02-28 05:00:00,6.008
2014-03-01 05:00:00,5.93
2014-03-02 05:00:00,6.093
2014-03-03 05:00:00,6.106
2014-03-06 05:00:00,6.214
2014-03-07 05:00:00,6.206
2014-03-08 05:00:00,6.231
2014-03-09 05:00:00,6.114
2014-03-10 05:00:00,6.068
2014-03-11 05:00:00,5.961
2014-03-12 05:00:00,6.211
2014-03-13 05:00:00,6.119
2014-03-14 05:00:00,6.054
2014-03-15 05:00:00,5.969
2014-03-16 05:00:00,6.008
2014-03-17 05:00:00,5.964
2014-03-18 05:00:00,5.972
2014-03-19 05:00:00,5.861
2014-03-20 05:00:00,5.757
2014-03-21 05:00:00,5.587
2014-03-22 05:00:00,5.407
2014-03-23 05:00:00,5.554
2014-03-24 05:00:00,5.992
2014-03-25 05:00:00,5.895
2014-03-27 05:00:00,6.207
2014-03-28 05:00:00,6.19
2014-03-29 05:00:00,6.22
2014-03-31 05:00:00,6.384
2014-04-01 05:00:00,6.326
2014-04-05 05:00:00,6.31
2014-04-06 05:00:00,6.044
2014-04-07 05:00:00,6.263
2014-04-08 05:00:00,6.442
2014-04-09 05:00:00,6.291
2014-04-10 05:00:00,6.238
2014-04-11 05:00:00,6.275
2014-04-12 05:00:00,5.914
2014-04-13 05:00:00,6.25
2014-04-14 05:00:00,6.11
2014-04-15 05:00:00,6.406
2014-04-17 05:00:00,5.851
2014-04-18 05:00:00,5.807
2014-06-01 18:00:00,6.42
2014-06-02 05:00:00,6.382
2014-06-04 05:00:00,6.455
2014-06-05 05:00:00,6.524
2014-06-06 05:00:00,6.379
2014-06-07 05:00:00,6.244
2014-06-08 05:00:00,6.261
2014-06-09 05:00:00,6.115
2014-06-15 05:00:00,6.28
2014-06-16 05:00:00,5.985
2014-06-17 05:00:00,6.213
2014-06-18 05:00:00,6.446
2014-06-19 05:00:00,6.08
2014-06-20 05:00:00,6.674
2014-06-21 05:00:00,6.185
2014-06-22 05:00:00,6.188
2014-06-23 05:00:00,6.191
2014-06-24 05:00:00,6.206
2014-06-25 05:00:00,6.021
2014-06-26 05:00:00,6.089
2014-06-27 05:00:00,6.161
2014-06-28 05:00:00,6.133
2014-06-29 05:00:00,5.571
2014-06-30 05:00:00,5.882
2014-07-01 05:00:00,5.71
2014-07-02 05:00:00,5.655
2014-07-03 05:00:00,5.999
2014-07-04 05:00:00,5.969
2014-07-05 05:00:00,6.049
2014-07-06 05:00:00,6.036
2014-07-07 05:00:00,5.987
2014-07-08 05:00:00,5.981
2014-07-09 05:00:00,5.575
2014-07-10 05:00:00,5.699
2014-07-11 05:00:00,5.878
2014-07-12 05:00:00,6.131
2014-07-13 05:00:00,5.268
2014-07-14 05:00:00,6.211
2014-07-15 05:00:00,6.12
2014-07-16 05:00:00,6.133
2014-07-17 05:00:00,6.049
2014-07-19 05:00:00,6.295
2014-07-20 05:00:00,6.38
2014-07-21 05:00:00,6.448
2014-07-22 05:00:00,6.528
2014-07-23 05:00:00,6.49
2014-07-25 05:00:00,6.322
2014-07-26 05:00:00,6.133
2014-07-27 05:00:00,6.002
2014-07-28 05:00:00,5.909
2014-07-29 05:00:00,5.935
2014-07-31 05:00:00,5.925
2014-08-01 05:00:00,5.923
2014-08-02 05:00:00,5.941
2014-08-03 05:00:00,6.111
2014-08-04 05:00:00,6.116
2014-08-05 05:00:00,6.17
2014-08-07 05:00:00,5.03
2014-08-08 05:00:00,6.065
2014-08-09 05:00:00,6.002
2014-08-10 05:00:00,5.952
2014-08-12 05:00:00,6.033
2014-08-13 05:00:00,6.0
2014-08-14 05:00:00,6.051
2014-08-15 05:00:00,6.088
2014-08-16 05:00:00,6.006
2014-08-17 05:00:00,6.068
2014-08-19 05:00:00,6.008
2014-08-20 05:00:00,6.016
2014-08-21 05:00:00,5.89
2014-08-22 05:00:00,6.068
2014-08-23 05:00:00,5.978
2014-08-24 05:00:00,6.08
2014-08-25 05:00:00,6.04
2014-08-26 05:00:00,6.099
2014-08-27 05:00:00,6.148
2014-08-28 05:00:00,6.183
2014-08-29 05:00:00,6.228
2014-08-30 05:00:00,6.19
2014-08-31 05:00:00,6.165
2014-09-01 05:00:00,6.247
2014-09-02 05:00:00,6.184
2014-09-03 05:00:00,6.229
2014-09-05 05:00:00,6.177
2014-09-06 05:00:00,6.114
2014-09-07 05:00:00,6.144
2014-09-09 05:00:00,6.125
2014-09-10 05:00:00,6.049
2014-09-11 05:00:00,6.259
2014-09-12 05:00:00,6.147
2014-09-14 05:00:00,6.237
2014-09-15 05:00:00,6.308
2014-09-16 05:00:00,6.347
2014-09-17 05:00:00,6.314
2014-09-19 05:00:00,5.934
2014-09-20 05:00:00,6.219
2014-09-21 05:00:00,6.272
2014-09-22 05:00:00,6.234
2014-09-23 05:00:00,6.283
2014-09-24 05:00:00,6.109
2014-09-26 05:00:00,6.19
2014-09-28 05:00:00,6.262
2014-09-30 05:00:00,6.241
2014-10-01 05:00:00,6.076
2014-10-02 05:00:00,6.065
2014-10-03 05:00:00,6.32
2014-10-04 05:00:00,6.138
2014-10-05 05:00:00,6.208
2014-10-06 05:00:00,6.114
2014-10-07 05:00:00,6.272
2014-10-08 05:00:00,6.267
2014-10-09 05:00:00,6.226
2014-10-10 05:00:00,6.289
2014-10-11 05:00:00,6.219
2014-10-12 05:00:00,6.184
2014-10-13 05:00:00,6.215
2014-10-15 05:00:00,6.189
2014-10-16 05:00:00,6.297
2014-10-17 05:00:00,6.192
2014-10-18 05:00:00,5.586
2014-10-19 05:00:00,5.796
2014-10-20 05:00:00,5.735
2014-10-21 05:00:00,5.933
2014-10-25 05:00:00,6.143
2014-10-26 05:00:00,6.097
2014-10-27 05:00:00,6.205
2014-10-29 05:00:00,6.148
2014-10-30 05:00:00,5.944
2014-10-31 05:00:00,4.611
2014-11-01 05:00:00,6.03
2014-11-02 05:00:00,6.016
2014-11-03 05:00:00,6.02
2014-11-05 05:00:00,6.03
2014-11-06 05:00:00,6.149
2014-11-07 05:00:00,5.967
2014-11-09 05:00:00,6.193
2014-11-10 05:00:00,6.109
2014-11-11 05:00:00,6.106
2014-11-12 05:00:00,5.694
2014-11-13 05:00:00,5.262
2014-11-14 05:00:00,5.979
2014-11-15 05:00:00,6.145
2014-11-16 05:00:00,6.225
2014-11-17 05:00:00,6.347
2014-11-18 05:00:00,6.24
2014-11-19 05:00:00,6.142
2014-11-20 05:00:00,6.208
2014-11-21 05:00:00,6.177
2014-11-24 05:00:00,6.251
2014-11-25 05:00:00,5.957
2014-11-26 05:00:00,6.009
2014-11-27 05:00:00,5.989
2014-11-28 05:00:00,6.175
2014-11-29 05:00:00,6.144
2014-11-30 05:00:00,6.171
2014-12-01 04:00:00,6.058
2014-12-02 05:00:00,6.065
2014-12-03 05:00:00,6.037
2014-12-05 05:00:00,5.901
2014-12-06 05:00:00,5.867
2014-12-07 05:00:00,5.87
2014-12-08 05:00:00,5.871
2014-12-10 05:00:00,6.007
2014-12-12 05:00:00,6.014
2014-12-13 05:00:00,6.007
2014-12-15 05:00:00,6.115
2014-12-16 05:00:00,5.768
2014-12-17 05:00:00,6.01
2014-12-18 05:00:00,5.989
2014-12-19 05:00:00,5.995
2014-12-20 05:00:00,6.056
2014-12-21 05:00:00,6.155
2014-12-22 05:00:00,5.918
2014-12-23 05:00:00,6.14
2014-12-24 05:00:00,6.066
2014-12-25 05:00:00,6.118
2014-12-26 05:00:00,6.142
2014-12-27 05:00:00,6.106
2014-12-28 05:00:00,6.357
2014-12-29 05:00:00,6.079
2014-12-31 05:00:00,5.735
2015-01-03 05:00:00,6.082
2015-01-04 05:00:00,6.108
2015-01-05 05:00:00,6.139
2015-01-06 05:00:00,6.197
2015-01-09 05:00:00,5.749
2015-01-10 05:00:00,5.744
2015-01-11 05:00:00,6.072
2015-01-15 05:00:00,6.092
2015-01-17 05:00:00,6.072
2015-01-18 05:00:00,6.047
2015-01-19 05:00:00,5.696
2015-01-20 05:00:00,6.047
2015-01-21 05:00:00,6.176
2015-01-22 05:00:00,6.064
2015-01-23 05:00:00,6.044
2015-01-24 05:00:00,6.201
2015-01-25 05:00:00,6.178
2015-01-27 05:00:00,6.236
2015-01-29 05:00:00,6.328
2015-01-30 05:00:00,6.157
2015-01-31 05:00:00,6.401
2015-02-01 05:00:00,6.213
2015-02-02 05:00:00,6.279
2015-02-03 05:00:00,6.297
2015-02-04 05:00:00,6.293
2015-02-05 05:00:00,6.175
2015-02-06 05:00:00,6.226
2015-02-07 05:00:00,6.155
2015-02-08 05:00:00,5.725
2015-02-09 05:00:00,6.173
2015-02-10 05:00:00,6.139
2015-02-11 05:00:00,6.16
2015-02-12 05:00:00,6.202
2015-02-13 05:00:00,6.173
2015-02-14 05:00:00,6.192
2015-02-15 05:00:00,6.187
2015-02-16 05:00:00,6.23
2015-02-17 05:00:00,6.213
2015-02-18 05:00:00,6.215
2015-02-19 05:00:00,6.182
2015-02-20 05:00:00,6.175
2015-02-21 05:00:00,6.107
2015-02-22 05:00:00,6.167
2015-02-23 05:00:00,6.183
2015-02-24 05:00:00,6.131
2015-02-25 05:00:00,6.165
2015-02-26 05:00:00,6.156
2015-02-27 05:00:00,6.124
2015-02-28 05:00:00,6.038
2015-03-01 05:00:00,6.211
2015-03-02 05:00:00,6.17
2015-03-03 05:00:00,6.21
2015-03-04 05:00:00,5.791
2015-03-05 05:00:00,5.668
2015-03-06 05:00:00,6.08
2015-03-07 05:00:00,6.17
2015-03-08 05:00:00,6.076
2015-03-09 05:00:00,6.094
2015-03-10 05:00:00,6.477
2015-03-11 05:00:00,6.214
2015-03-13 05:00:00,6.338
2015-03-14 05:00:00,6.313
2015-03-15 05:00:00,6.192
2015-03-16 05:00:00,6.124
2015-03-17 05:00:00,6.103
2015-03-18 05:00:00,6.17
2015-03-19 05:00:00,6.158
2015-03-20 05:00:00,6.106
2015-03-21 05:00:00,6.03
2015-03-22 05:00:00,5.962
2015-03-23 05:00:00,5.939
2015-03-24 05:00:00,5.96
2015-03-25 05:00:00,5.999
2015-03-26 05:00:00,5.973
2015-03-27 05:00:00,5.905
2015-03-28 05:00:00,5.925
2015-03-31 05:00:00,5.972
2015-04-01 05:00:00,5.924
2015-04-02 05:00:00,6.238
2015-04-04 05:00:00,5.824
2015-04-05 05:00:00,5.583
2015-04-06 05:00:00,5.575
2015-04-07 05:00:00,5.897
2015-04-09 05:00:00,5.993
2015-04-10 05:00:00,6.002
2015-04-11 05:00:00,6.0
2015-04-12 05:00:00,6.011
2015-04-13 05:00:00,6.043
2015-04-14 05:00:00,6.07
2015-04-15 05:00:00,6.189
2015-04-16 05:00:00,6.188
2015-04-17 05:00:00,6.244
2015-04-19 05:00:00,6.203
2015-04-21 05:00:00,6.149
2015-04-22 05:00:00,6.169
2015-04-23 05:00:00,6.103
2015-04-24 05:00:00,6.264
2015-04-25 05:00:00,6.349
2015-04-27 05:00:00,6.343
2015-04-28 05:00:00,6.359
2015-04-30 05:00:00,6.313
2015-05-01 05:00:00,6.321
2015-05-02 05:00:00,6.281
2015-05-03 05:00:00,6.193
2015-05-04 05:00:00,6.366
2015-05-06 05:00:00,6.301
2015-05-07 05:00:00,6.308
2015-05-08 05:00:00,6.224
2015-05-09 05:00:00,6.305
2015-05-10 05:00:00,6.319
2015-05-11 05:00:00,6.113
2015-05-14 05:00:00,5.995
2015-05-15 05:00:00,5.86
2015-05-16 05:00:00,5.918
2015-05-18 05:00:00,5.998
2015-05-19 05:00:00,6.062
2015-05-20 05:00:00,6.052
2015-05-21 05:00:00,6.089
2015-05-22 05:00:00,6.111
2015-05-23 05:00:00,6.034
2015-05-24 05:00:00,6.075
2015-05-25 05:00:00,6.07
2015-05-26 05:00:00,5.971
2015-05-28 05:00:00,6.057
2015-05-29 05:00:00,6.148
2015-05-30 05:00:00,6.024
2015-05-31 05:00:00,5.889
2015-06-03 05:00:00,6.132
2015-06-04 05:00:00,6.126
2015-06-05 05:00:00,6.15
2015-06-06 05:00:00,6.171
2015-06-07 05:00:00,6.088
2015-06-08 05:00:00,6.063
2015-06-09 05:00:00,6.027
2015-06-11 05:00:00,6.121
2015-06-12 05:00:00,6.04
2015-06-13 05:00:00,5.963
2015-06-14 05:00:00,5.944
2015-06-15 05:00:00,5.965
2015-06-16 05:00:00,5.97
2015-06-17 05:00:00,5.85
2015-06-18 05:00:00,5.791
2015-06-19 05:00:00,6.093
2015-06-20 05:00:00,6.081
2015-06-21 05:00:00,6.133
2015-06-22 05:00:00,6.23
2015-06-23 05:00:00,6.045
2015-06-24 05:00:00,6.015
2015-06-26 05:00:00,5.92
2015-06-27 05:00:00,5.648
2015-06-28 04:00:00,5.52
2015-06-28 05:00:00,5.52
2015-06-29 05:00:00,5.561
2015-07-02 05:00:00,6.141
2015-07-03 05:00:00,6.075
2015-07-04 05:00:00,5.638
2015-07-05 05:00:00,5.985
2015-07-06 05:00:00,6.208
2015-07-07 05:00:00,6.444
2015-07-08 05:00:00,6.196
2015-07-09 05:00:00,6.218
2015-07-10 05:00:00,6.216
2015-07-11 05:00:00,6.405
2015-07-12 05:00:00,6.419
2015-07-14 05:00:00,6.34
2015-07-15 05:00:00,6.343
2015-07-17 05:00:00,6.136
2015-07-18 05:00:00,6.433
2015-07-19 05:00:00,6.382
2015-07-20 05:00:00,6.328
2015-07-21 05:00:00,6.131
2015-07-22 05:00:00,5.971
2015-07-23 05:00:00,5.83
2015-07-24 05:00:00,5.856
2015-07-25 05:00:00,5.389
2015-07-26 05:00:00,5.901
2015-07-27 05:00:00,5.721
2015-07-28 05:00:00,5.634
2015-07-29 05:00:00,5.887
2015-07-30 05:00:00,5.952
2015-07-31 05:00:00,6.243
2015-08-01 05:00:00,6.201
2015-08-03 05:00:00,6.057
2015-08-04 05:00:00,6.323
2015-08-05 05:00:00,6.343
2015-08-06 05:00:00,6.35
2015-08-07 05:00:00,6.479
2015-08-08 05:00:00,6.303
2015-08-09 05:00:00,6.223
2015-08-10 05:00:00,6.341
2015-08-11 05:00:00,6.301
2015-08-12 05:00:00,6.514
2015-08-13 05:00:00,6.524
2015-08-14 05:00:00,6.99
2015-08-15 05:00:00,6.877
2015-08-16 05:00:00,6.644
2015-08-17 05:00:00,6.52
2015-08-19 05:00:00,6.337
2015-08-21 05:00:00,6.248
2015-08-22 05:00:00,6.197
2015-08-23 05:00:00,5.922
2015-08-24 05:00:00,6.117
2015-08-25 05:00:00,6.13
2015-08-26 05:00:00,6.116
2015-08-27 05:00:00,6.289
2015-08-29 05:00:00,6.244
2015-08-30 05:00:00,6.208
2015-08-31 05:00:00,6.179
2015-09-01 05:00:00,6.285
2015-09-05 05:00:00,6.496
2015-09-07 05:00:00,6.406
2015-09-09 05:00:00,6.234
2015-09-12 05:00:00,6.1
2015-09-13 05:00:00,6.261
2015-09-14 05:00:00,6.272
2015-09-15 05:00:00,6.479
2015-09-16 05:00:00,6.355
2015-09-19 05:00:00,6.407
2015-09-20 05:00:00,6.461
2015-09-21 05:00:00,6.504
2015-09-22 05:00:00,6.509
2015-09-23 05:00:00,6.404
2015-09-25 05:00:00,6.439
2015-09-27 05:00:00,6.343
2015-09-28 05:00:00,6.433
2015-09-29 05:00:00,6.307
2015-09-30 05:00:00,6.397
2015-10-02 05:00:00,6.226
2015-10-03 05:00:00,5.974
2015-10-04 05:00:00,5.933
2015-10-05 05:00:00,6.235
2015-10-06 05:00:00,5.136
2015-10-08 05:00:00,6.241
2015-10-09 05:00:00,6.288
2015-10-10 05:00:00,6.325
2015-10-13 05:00:00,6.36
2015-10-14 05:00:00,6.25
2015-10-15 05:00:00,6.236
2015-10-16 05:00:00,6.188
2015-10-17 05:00:00,6.227
2015-10-18 05:00:00,6.262
2015-10-19 05:00:00,6.236
2015-10-20 05:00:00,6.266
2015-10-21 05:00:00,6.192
2015-10-22 05:00:00,6.199
2015-10-23 05:00:00,6.257
2015-10-25 05:00:00,6.228
2015-10-27 05:00:00,6.187
2015-10-28 05:00:00,6.314
2015-10-29 05:00:00,6.22
2015-10-30 05:00:00,5.395
2015-11-01 05:00:00,6.218
2015-11-02 05:00:00,6.01
2015-11-04 05:00:00,6.222
2015-11-06 05:00:00,6.386
2015-11-08 05:00:00,6.675
2015-11-09 05:00:00,6.783
2015-11-10 05:00:00,6.074
2015-11-11 05:00:00,5.991
2015-11-12 05:00:00,6.027
2015-11-13 05:00:00,5.928
2015-11-14 05:00:00,6.274
2015-11-15 05:00:00,6.184
2015-11-16 05:00:00,6.247
2015-11-17 05:00:00,6.218
2015-11-18 05:00:00,6.208
2015-11-19 05:00:00,6.21
2015-11-21 05:00:00,6.184
2015-11-22 05:00:00,6.235
2015-11-23 05:00:00,6.136
2015-11-24 05:00:00,6.041
2015-11-25 05:00:00,5.209
2015-11-26 05:00:00,6.0
2015-11-28 05:00:00,6.217
2015-11-29 05:00:00,6.126
2015-11-30 05:00:00,6.168
2015-12-01 05:00:00,5.79
2015-12-02 05:00:00,6.241
2015-12-03 05:00:00,6.23
2015-12-05 05:00:00,6.061
2015-12-06 05:00:00,6.183
2015-12-15 05:00:00,6.305
2015-12-17 05:00:00,6.237
2015-12-18 05:00:00,6.127
2015-12-19 05:00:00,6.038
2015-12-20 05:00:00,6.056
2015-12-21 05:00:00,6.004
2015-12-22 05:00:00,6.268
2015-12-23 05:00:00,6.212
2015-12-24 05:00:00,6.516
2015-12-25 05:00:00,6.403
2015-12-26 05:00:00,6.026
2015-12-27 05:00:00,6.2
2015-12-28 05:00:00,6.119
2015-12-29 05:00:00,5.998
2015-12-30 05:00:00,6.106
2015-12-31 05:00:00,6.208
2016-01-01 05:00:00,6.193
2016-01-02 05:00:00,6.213
2016-01-03 05:00:00,6.228
2016-01-04 05:00:00,6.077
2016-01-05 05:00:00,6.243
2016-01-06 05:00:00,6.251
2016-01-07 05:00:00,6.192
2016-01-08 05:00:00,6.199
2016-01-08 10:00:00,6.319
2016-01-09 05:00:00,6.24
2016-01-10 05:00:00,6.105
2016-01-11 05:00:00,6.08
2016-01-12 05:00:00,6.058
2016-01-13 05:00:00,6.009
2016-01-14 05:00:00,6.068
2016-01-15 05:00:00,6.097
2016-01-15 09:00:00,6.038
2016-01-16 05:00:00,5.984
2016-01-23 05:00:00,6.098
2016-01-24 05:00:00,6.04
2016-01-25 05:00:00,5.74
2016-01-26 05:00:00,6.094
2016-01-27 05:00:00,6.111
2016-01-28 05:00:00,6.138
2016-01-29 05:00:00,6.146
2016-01-30 05:00:00,6.072
2016-01-31 05:00:00,6.035
2016-02-03 05:00:00,6.1
2016-02-04 05:00:00,6.127
2016-02-06 05:00:00,6.091
2016-02-07 05:00:00,6.036
2016-02-08 05:00:00,5.998
2016-02-09 05:00:00,6.021
2016-02-10 05:00:00,5.978
2016-02-11 05:00:00,6.038
2016-02-12 05:00:00,6.091
2016-02-13 05:00:00,6.01
2016-02-14 05:00:00,6.085
2016-02-15 05:00:00,6.101
2016-02-17 05:00:00,5.335
2016-02-18 05:00:00,5.309
2016-02-19 05:00:00,5.949
2016-02-20 05:00:00,6.103
2016-02-21 05:00:00,6.111
2016-02-22 05:00:00,6.103
2016-02-23 05:00:00,6.157
2016-02-24 05:00:00,6.117
2016-02-25 05:00:00,6.138
2016-02-26 05:00:00,6.131
2016-02-27 05:00:00,6.187
2016-02-28 05:00:00,6.141
2016-02-29 05:00:00,6.166
2016-03-01 05:00:00,6.14
2016-03-03 05:00:00,5.857
2016-03-04 05:00:00,6.051
2016-03-05 05:00:00,6.087
2016-03-06 05:00:00,6.101
2016-03-07 05:00:00,6.089
2016-03-08 05:00:00,6.064
2016-03-09 05:00:00,5.944
2016-03-10 05:00:00,5.946
2016-03-11 05:00:00,5.992
2016-03-15 05:00:00,5.925
2016-03-16 05:00:00,5.704
2016-03-17 05:00:00,5.982
2016-03-18 05:00:00,5.932
2016-03-19 05:00:00,6.69
2016-03-19 05:00:00,5.856
2016-03-20 05:00:00,5.933
2016-03-20 05:00:00,5.474
2016-03-21 05:00:00,5.976
2016-03-22 05:00:00,6.012
2016-03-23 05:00:00,5.821
2016-03-24 05:00:00,6.013
2016-03-25 05:00:00,5.788
2016-03-26 05:00:00,5.972
2016-03-28 05:00:00,5.928
2016-03-29 05:00:00,5.845
2016-03-30 05:00:00,5.918
2016-04-01 05:00:00,5.94
2016-04-02 05:00:00,5.688
2016-04-03 05:00:00,5.94
2016-04-04 05:00:00,5.915
2016-04-05 05:00:00,6.0
2016-04-06 05:00:00,5.714
2016-04-07 05:00:00,5.923
2016-04-08 05:00:00,6.071
2016-04-09 05:00:00,6.077
2016-04-10 05:00:00,6.103
2016-04-11 05:00:00,6.088
2016-04-12 05:00:00,6.021
2016-04-13 05:00:00,6.063
2016-04-14 05:00:00,5.957
2016-04-15 05:00:00,5.878
2016-04-16 05:00:00,5.881
2016-04-17 05:00:00,5.878
2016-04-19 05:00:00,6.04
2016-04-20 05:00:00,6.036
2016-04-21 05:00:00,6.043
2016-04-22 05:00:00,6.009
2016-04-23 05:00:00,6.061
2016-04-25 05:00:00,6.016
2016-04-26 05:00:00,5.993
2016-04-29 05:00:00,5.957
2016-04-30 05:00:00,6.05
2016-05-29 05:00:00,6.312
2016-05-31 05:00:00,6.104
2016-06-01 05:00:00,6.199
2016-06-02 05:00:00,6.177
2016-06-03 05:00:00,6.306
2016-06-04 05:00:00,6.379
2016-06-06 05:00:00,6.654
2016-06-08 05:00:00,6.129
2016-06-09 05:00:00,6.125
2016-06-11 05:00:00,6.069
2016-06-12 05:00:00,4.938
2016-06-13 05:00:00,6.175
2016-06-14 05:00:00,6.303
2016-06-15 05:00:00,6.313
2016-06-16 05:00:00,6.166
2016-06-17 05:00:00,6.019
2016-06-18 05:00:00,6.041
2016-06-19 05:00:00,5.962
2016-06-21 05:00:00,5.882
2016-06-22 05:00:00,6.021
2016-06-23 05:00:00,5.89
2016-06-24 05:00:00,6.163
2016-06-25 05:00:00,6.17
2016-06-26 05:00:00,6.369
2016-06-27 05:00:00,6.307
2016-06-28 05:00:00,6.255
2016-06-29 05:00:00,6.214
2016-06-30 05:00:00,6.145
2016-07-01 05:00:00,6.202
2016-07-02 05:00:00,5.939
2016-07-04 05:00:00,6.304
2016-07-05 05:00:00,6.27
2016-07-06 05:00:00,6.186
2016-07-08 05:00:00,6.322
2016-07-09 05:00:00,5.916
2016-07-10 05:00:00,6.123
2016-07-11 05:00:00,6.31
2016-07-12 05:00:00,6.179
2016-07-13 05:00:00,6.305
2016-07-15 05:00:00,6.272
2016-07-16 05:00:00,6.225
2016-07-17 05:00:00,5.515
2016-07-18 05:00:00,6.163
2016-07-19 05:00:00,6.066
2016-07-20 05:00:00,5.937
2016-07-23 05:00:00,5.659
2016-07-24 05:00:00,5.788
2016-07-25 05:00:00,5.863
2016-07-27 05:00:00,5.987
2016-07-28 05:00:00,5.992
2016-07-29 05:00:00,6.003
2016-07-30 05:00:00,6.025
2016-07-31 05:00:00,5.957
2016-08-01 05:00:00,6.014
2016-08-02 05:00:00,6.087
2016-08-03 05:00:00,6.116
2016-08-04 05:00:00,5.88
2016-08-05 05:00:00,6.142
2016-08-06 05:00:00,6.208
2016-08-07 05:00:00,6.191
2016-08-08 05:00:00,6.195
2016-08-09 05:00:00,6.22
2016-08-10 05:00:00,6.356
2016-08-11 05:00:00,6.338
2016-08-12 05:00:00,6.321
2016-08-13 05:00:00,6.361
2016-08-14 05:00:00,6.218
2016-08-15 05:00:00,6.232
2016-08-16 05:00:00,6.12
2016-08-18 05:00:00,5.98
2016-08-19 05:00:00,6.15
2016-08-20 05:00:00,6.165
2016-08-21 05:00:00,6.202
2016-08-22 05:00:00,6.01
2016-08-23 05:00:00,6.174
2016-08-24 05:00:00,5.931
2016-08-25 05:00:00,6.02
2016-08-26 05:00:00,6.008
2016-08-27 05:00:00,5.851
2016-08-28 05:00:00,5.948
2016-08-29 05:00:00,6.01
2016-08-31 05:00:00,5.975
2016-09-02 05:00:00,6.089
2016-09-03 05:00:00,6.082
2016-09-04 05:00:00,5.95
2016-09-05 05:00:00,6.002
2016-09-06 05:00:00,6.009
2016-09-08 05:00:00,5.954
2016-09-09 05:00:00,6.159
2016-09-10 05:00:00,6.366
2016-09-11 05:00:00,6.131
2016-09-12 05:00:00,6.25
2016-09-13 05:00:00,6.21
2016-09-14 05:00:00,6.015
2016-09-15 05:00:00,6.053
2016-09-16 05:00:00,6.087
2016-09-18 05:00:00,6.043
2016-09-19 05:00:00,5.696
2016-09-20 05:00:00,6.013
2016-09-21 05:00:00,6.123
2016-09-22 05:00:00,6.185
2016-09-24 05:00:00,6.021
2016-09-25 05:00:00,5.973
2016-09-26 05:00:00,5.814
2016-09-27 05:00:00,5.867
2016-09-28 05:00:00,5.91
2016-09-29 04:00:00,5.944
2016-09-29 05:00:00,5.944
2016-09-30 05:00:00,6.046
2016-10-01 05:00:00,5.887
2016-10-02 05:00:00,5.925
2016-10-03 04:00:00,6.199
2016-10-04 05:00:00,5.861
2016-10-05 05:00:00,5.84
2016-10-07 05:00:00,6.172
2016-10-08 05:00:00,6.074
2016-10-09 05:00:00,6.125
2016-10-10 05:00:00,6.221
2016-10-11 05:00:00,5.792
2016-10-12 05:00:00,5.578
2016-10-13 05:00:00,5.484
2016-10-14 05:00:00,5.372
2016-10-15 05:00:00,5.89
2016-10-16 05:00:00,5.91
2016-10-17 05:00:00,5.941
2016-10-18 05:00:00,5.99
2016-10-19 05:00:00,5.891
2016-10-20 05:00:00,5.908
2016-10-21 05:00:00,5.983
2016-10-22 05:00:00,5.977
2016-10-23 05:00:00,5.892
2016-10-24 05:00:00,5.852
2016-10-25 05:00:00,5.659
2016-10-26 05:00:00,5.123
2016-10-27 05:00:00,5.723
2016-10-28 05:00:00,5.824
2016-10-29 05:00:00,5.919
2016-10-30 05:00:00,5.997
2016-10-31 05:00:00,5.993
2016-11-01 05:00:00,6.045
2016-11-02 05:00:00,6.187
2016-11-03 05:00:00,6.069
2016-11-04 05:00:00,6.145
2016-11-05 05:00:00,6.123
2016-11-06 05:00:00,6.114
2016-11-07 05:00:00,5.465
2016-11-08 05:00:00,6.063
2016-11-09 05:00:00,5.975
2016-11-10 05:00:00,5.953
2016-11-11 05:00:00,4.977
2016-11-12 05:00:00,6.039
2016-11-13 05:00:00,6.16
2016-11-14 05:00:00,5.937
2016-11-15 05:00:00,5.903
2016-11-16 05:00:00,6.053
2016-11-17 05:00:00,6.054
2016-11-18 05:00:00,5.982
2016-11-19 05:00:00,5.979
2016-11-20 05:00:00,6.067
2016-11-21 05:00:00,6.124
2016-11-22 05:00:00,6.276
2016-11-23 05:00:00,6.231
2016-11-24 05:00:00,6.12
2016-11-25 05:00:00,6.178
2016-11-26 05:00:00,6.131
2016-11-27 05:00:00,6.15
2016-11-28 05:00:00,6.139
2016-11-29 05:00:00,6.105
2016-11-30 05:00:00,6.17
2016-12-01 05:00:00,6.054
2016-12-02 05:00:00,6.2
2016-12-04 05:00:00,6.099
2016-12-05 05:00:00,6.067
2016-12-06 05:00:00,6.065
2016-12-07 05:00:00,5.864
2016-12-08 05:00:00,5.528
2016-12-09 05:00:00,5.257
2016-12-10 05:00:00,5.892
2016-12-11 05:00:00,6.177
2016-12-18 10:00:00,6.117
2016-12-19 05:00:00,6.03
2016-12-20 05:00:00,5.963
2016-12-21 05:00:00,5.172
2016-12-21 05:00:00,4.97
2016-12-22 05:00:00,6.214
2016-12-23 05:00:00,6.251
2016-12-24 05:00:00,6.547
2016-12-25 05:00:00,6.418
2016-12-26 05:00:00,6.415
2016-12-27 05:00:00,6.45
2016-12-28 05:00:00,6.329
2016-12-29 05:00:00,6.169
2016-12-30 05:00:00,6.291
2016-12-31 05:00:00,6.097
2017-01-01 05:00:00,6.068
2017-01-02 05:00:00,6.088
2017-01-03 05:00:00,6.194
2017-01-04 05:00:00,6.276
2017-01-06 05:00:00,6.221
2017-01-07 05:00:00,6.085
2017-01-08 05:00:00,6.213
2017-01-09 05:00:00,6.446
2017-01-13 05:00:00,6.301
2017-01-15 05:00:00,5.279
2017-01-17 05:00:00,6.154
2017-01-18 05:00:00,6.117
2017-01-19 05:00:00,6.023
2017-01-20 05:00:00,6.117
2017-01-21 05:00:00,6.004
2017-01-24 05:00:00,5.979
2017-01-25 05:00:00,5.873
2017-01-26 05:00:00,5.862
2017-01-27 05:00:00,5.819
2017-01-28 05:00:00,5.933
2017-01-29 05:00:00,6.249
2017-01-30 05:00:00,5.954
2017-01-31 05:00:00,5.986
2017-02-01 05:00:00,5.91
2017-02-02 05:00:00,5.762
2017-02-03 05:00:00,6.0
2017-02-04 05:00:00,6.355
2017-02-05 05:00:00,5.613
2017-02-06 05:00:00,5.929
2017-02-07 05:00:00,6.19
2017-02-08 05:00:00,5.921
2017-02-09 05:00:00,5.942
2017-02-10 05:00:00,5.95
2017-02-11 05:00:00,6.019
2017-02-12 05:00:00,6.082
2017-02-13 05:00:00,6.025
2017-02-14 05:00:00,6.116
2017-02-15 05:00:00,6.005
2017-02-16 05:00:00,6.227
2017-02-17 05:00:00,5.977
2017-02-18 05:00:00,5.922
2017-02-19 05:00:00,5.909
2017-02-20 05:00:00,5.961
2017-02-21 05:00:00,5.93
2017-02-22 05:00:00,5.766
2017-02-25 05:00:00,6.093
2017-02-26 05:00:00,6.068
2017-02-27 05:00:00,6.306
2017-02-28 05:00:00,6.005
2017-03-01 05:00:00,5.964
2017-03-02 05:00:00,6.044
2017-03-03 05:00:00,5.996
2017-03-04 05:00:00,5.893
2017-03-05 05:00:00,5.963
2017-03-06 05:00:00,6.071
2017-03-07 05:00:00,6.073
2017-03-08 05:00:00,6.355
2017-03-09 05:00:00,6.332
2017-03-10 05:00:00,6.38
2017-03-11 05:00:00,6.244
2017-03-12 05:00:00,6.166
2017-03-13 05:00:00,6.04
2017-03-14 05:00:00,5.798
2017-03-15 05:00:00,5.85
2017-03-16 05:00:00,6.108
2017-03-17 05:00:00,6.237
2017-03-18 05:00:00,6.181
2017-03-19 05:00:00,6.4
2017-03-20 05:00:00,6.173
2017-03-21 05:00:00,6.072
2017-03-22 05:00:00,6.28
2017-03-23 05:00:00,6.206
2017-03-24 05:00:00,6.228
2017-03-25 05:00:00,6.189
2017-03-26 05:00:00,6.282
2017-03-27 05:00:00,6.266
2017-03-28 05:00:00,6.298
2017-03-29 05:00:00,6.334
2017-03-31 05:00:00,6.245
2017-04-01 05:00:00,6.247
2017-04-02 05:00:00,6.12
2017-04-03 05:00:00,6.053
2017-04-05 05:00:00,5.931
2017-04-06 05:00:00,6.013
2017-04-07 05:00:00,6.03
2017-04-08 05:00:00,6.116
2017-04-09 05:00:00,6.415
2017-04-10 05:00:00,6.12
2017-04-11 05:00:00,6.319
2017-04-12 05:00:00,6.29
2017-04-13 05:00:00,6.092
2017-04-15 05:00:00,6.202
2017-04-16 05:00:00,6.28
2017-04-17 05:00:00,6.163
2017-04-18 05:00:00,6.049
2017-04-19 05:00:00,6.025
2017-04-20 05:00:00,6.041
2017-04-21 05:00:00,6.041
2017-04-22 05:00:00,6.042
2017-04-23 05:00:00,6.081
2017-04-24 05:00:00,6.051
2017-04-25 05:00:00,6.027
2017-04-26 05:00:00,6.011
2017-04-27 05:00:00,6.024
2017-04-28 05:00:00,5.685
2017-04-29 05:00:00,6.002
2017-05-02 05:00:00,5.96
2017-05-03 05:00:00,5.867
2017-05-04 05:00:00,6.026
2017-05-05 05:00:00,5.96
2017-05-06 05:00:00,5.947
2017-05-07 05:00:00,5.529
2017-05-08 05:00:00,5.71
2017-05-10 05:00:00,5.974
2017-05-12 05:00:00,5.972
2017-05-13 05:00:00,6.008
2017-05-14 05:00:00,5.949
2017-05-16 05:00:00,5.957
2017-05-17 05:00:00,5.889
2017-05-18 05:00:00,5.97
2017-05-19 05:00:00,5.988
2017-05-20 05:00:00,6.125
2017-05-21 05:00:00,6.104
2017-05-22 05:00:00,6.124
2017-05-23 05:00:00,6.068
2017-05-24 05:00:00,6.089
2017-05-29 05:00:00,5.663
2017-05-30 05:00:00,6.113
2017-05-31 05:00:00,6.147
2017-06-01 05:00:00,6.029
2017-06-02 05:00:00,6.097
2017-06-03 05:00:00,5.797
2017-06-04 05:00:00,6.051
2017-06-05 05:00:00,5.905
2017-06-06 05:00:00,5.963
2017-06-07 05:00:00,5.904
2017-06-08 05:00:00,5.736
2017-06-09 05:00:00,5.626
2017-06-10 05:00:00,6.103
2017-06-11 05:00:00,6.115
2017-06-13 05:00:00,6.053
2017-06-14 05:00:00,6.109
2017-06-15 05:00:00,6.052
2017-06-17 05:00:00,5.958
2017-06-19 05:00:00,6.325
2017-06-20 05:00:00,6.186
2017-06-21 05:00:00,6.289
2017-06-22 05:00:00,6.313
2017-06-23 05:00:00,6.357
2017-06-24 05:00:00,6.09
2017-06-25 05:00:00,5.534
2017-06-26 05:00:00,6.331
2017-06-28 05:00:00,6.363
2017-06-29 05:00:00,6.392
2017-06-30 05:00:00,6.329
2017-07-01 05:00:00,6.214
2017-07-02 05:00:00,5.646
2017-07-03 05:00:00,6.128
2017-07-04 05:00:00,6.117
2017-07-05 05:00:00,6.079
2017-07-06 05:00:00,5.972
2017-07-08 05:00:00,5.238
2017-07-09 05:00:00,6.053
2017-07-10 05:00:00,5.875
2017-07-11 05:00:00,6.105
2017-07-12 05:00:00,6.108
2017-07-13 05:00:00,6.079
2017-07-14 05:00:00,6.12
2017-07-15 05:00:00,6.136
2017-07-16 05:00:00,6.184
2017-07-17 05:00:00,6.051
2017-07-18 05:00:00,6.026
2017-07-19 05:00:00,5.994
2017-07-20 05:00:00,5.964
2017-07-21 05:00:00,5.958
2017-07-22 05:00:00,4.864
2017-07-23 05:00:00,5.952
2017-07-24 05:00:00,5.93
2017-07-25 05:00:00,5.676
2017-07-26 05:00:00,6.082
2017-07-27 05:00:00,6.047
2017-07-28 05:00:00,5.922
2017-07-29 05:00:00,6.052
2017-07-30 05:00:00,6.055
2017-07-31 05:00:00,6.027
2017-08-01 05:00:00,6.116
2017-08-02 05:00:00,5.579
2017-09-06 05:00:00,6.284
2017-09-07 05:00:00,6.422
2017-09-08 05:00:00,6.354
2017-09-09 05:00:00,6.077
2017-09-10 05:00:00,6.068
2017-09-11 05:00:00,6.043
2017-09-12 05:00:00,5.915
2017-09-13 05:00:00,5.936
2017-09-15 05:00:00,6.022
2017-09-16 05:00:00,6.04
2017-09-17 05:00:00,5.987
2017-09-18 05:00:00,6.042
2017-09-20 05:00:00,6.184
2017-09-21 05:00:00,6.061
2017-09-22 05:00:00,6.108
2017-09-23 05:00:00,6.086
2017-09-24 05:00:00,6.169
2017-09-25 05:00:00,6.196
2017-09-26 05:00:00,6.094
2017-09-28 05:00:00,6.107
2017-09-29 05:00:00,5.725
2017-09-30 05:00:00,5.041
2017-10-01 05:00:00,5.348
2017-10-02 05:00:00,5.968
2017-10-03 05:00:00,6.224
2017-10-04 05:00:00,6.128
2017-10-05 05:00:00,6.032
2017-10-06 05:00:00,5.717
2017-10-07 05:00:00,6.279
2017-10-08 05:00:00,6.297
2017-10-09 05:00:00,6.547
2017-10-10 05:00:00,6.468
2017-10-11 05:00:00,6.322
2017-10-12 05:00:00,6.334
2017-10-13 05:00:00,6.467
2017-10-14 05:00:00,6.503
2017-10-17 05:00:00,6.282
2017-10-18 05:00:00,6.408
2017-10-19 05:00:00,6.521
2017-10-20 05:00:00,6.393
2017-10-21 05:00:00,6.344
2017-10-22 05:00:00,6.272
2017-10-23 05:00:00,6.231
2017-10-24 05:00:00,6.185
2017-10-25 05:00:00,5.95
2017-10-26 05:00:00,6.178
2017-10-28 05:00:00,5.348
2017-10-29 05:00:00,5.291
2017-10-30 05:00:00,5.304
2017-10-31 05:00:00,5.984
2017-11-01 05:00:00,6.073
2017-11-02 05:00:00,6.073
2017-11-03 05:00:00,6.128
2017-11-05 05:00:00,5.927
2017-11-06 05:00:00,5.958
2017-11-07 05:00:00,5.883
2017-11-08 05:00:00,5.045
2017-11-09 05:00:00,5.549
2017-11-10 05:00:00,5.72
2017-11-11 05:00:00,6.192
2017-11-12 05:00:00,0.139
2017-11-13 05:00:00,5.753
2017-11-14 05:00:00,6.437
2017-11-15 05:00:00,6.534
2017-11-16 05:00:00,6.657
2017-11-17 05:00:00,6.525
2017-11-18 05:00:00,6.569
2017-11-19 05:00:00,6.558
2017-11-20 05:00:00,6.472
2017-11-21 05:00:00,6.572
2017-11-22 05:00:00,6.758
2017-11-23 05:00:00,6.033
2017-11-24 05:00:00,6.389
2017-11-25 05:00:00,6.489
2017-11-27 05:00:00,6.37
2017-11-28 05:00:00,6.173
2017-11-29 05:00:00,6.352
2017-11-30 05:00:00,6.367
2017-12-01 05:00:00,6.676
2017-12-02 05:00:00,6.402
2017-12-03 05:00:00,6.825
2017-12-04 05:00:00,6.859
2017-12-06 05:00:00,6.458
2017-12-07 05:00:00,6.897
2017-12-08 05:00:00,7.002
2017-12-09 05:00:00,7.136
2017-12-10 05:00:00,7.054
2017-12-11 05:00:00,7.082
2017-12-12 05:00:00,6.9
2017-12-13 05:00:00,6.995
2017-12-15 05:00:00,6.899
2017-12-16 05:00:00,6.845
2017-12-17 05:00:00,6.78
2017-12-18 05:00:00,6.705
2017-12-19 05:00:00,6.599
2017-12-20 05:00:00,6.856
2017-12-21 05:00:00,7.079
2017-12-23 05:00:00,6.549
2017-12-24 05:00:00,6.969
2017-12-25 05:00:00,6.567
2017-12-26 05:00:00,6.561
2017-12-27 05:00:00,6.561
2017-12-28 05:00:00,6.587
2017-12-29 05:00:00,6.612
2017-12-30 05:00:00,6.628
2017-12-31 05:00:00,6.58
2018-01-01 05:00:00,6.816
2018-01-02 05:00:00,6.814
2018-01-03 05:00:00,6.705
2018-01-04 05:00:00,6.603
2018-01-05 05:00:00,6.806
2018-01-06 05:00:00,6.99
2018-01-07 05:00:00,7.02
2018-01-08 05:00:00,6.799
2018-01-09 05:00:00,6.582
2018-01-10 05:00:00,6.744
2018-01-11 05:00:00,6.658
2018-01-12 05:00:00,5.597
2018-01-13 05:00:00,6.693
2018-01-14 05:00:00,6.732
2018-01-15 05:00:00,6.707
2018-01-16 05:00:00,6.757
2018-01-17 05:00:00,6.689
2018-01-18 05:00:00,6.69
2018-01-19 05:00:00,6.424
2018-01-20 05:00:00,6.493
2018-01-21 05:00:00,6.534
2018-01-22 05:00:00,6.374
2018-01-23 05:00:00,6.329
2018-01-24 05:00:00,6.293
2018-01-25 05:00:00,6.338
2018-01-26 05:00:00,6.299
2018-01-27 05:00:00,6.306
2018-01-28 05:00:00,6.081
2018-01-29 05:00:00,6.321
2018-01-30 05:00:00,6.524
2018-01-31 05:00:00,6.251
2018-02-01 05:00:00,6.126
2018-02-02 05:00:00,6.104
2018-02-03 05:00:00,6.227
2018-02-04 05:00:00,6.162
2018-02-05 05:00:00,6.178
2018-02-06 05:00:00,6.584
2018-02-07 05:00:00,6.214
2018-02-08 05:00:00,6.223
2018-02-09 05:00:00,6.313
2018-02-10 05:00:00,6.269
2018-02-11 05:00:00,6.22
2018-02-12 05:00:00,6.204
2018-02-13 05:00:00,5.864
2018-02-14 05:00:00,6.097
2018-02-15 05:00:00,6.064
2018-02-16 05:00:00,6.116
2018-02-17 05:00:00,6.121
2018-02-18 05:00:00,5.839
2018-02-19 05:00:00,6.021
2018-02-20 05:00:00,6.11
2018-02-21 05:00:00,6.047
2018-02-22 05:00:00,6.072
2018-02-23 05:00:00,6.136
2018-02-24 05:00:00,5.938
2018-02-25 05:00:00,6.202
2018-02-26 05:00:00,6.039
2018-02-27 05:00:00,6.035
2018-02-28 05:00:00,6.024
2018-03-02 05:00:00,5.443
2018-03-03 05:00:00,5.915
2018-03-04 05:00:00,5.95
2018-03-05 05:00:00,5.961
2018-03-06 05:00:00,5.869
2018-03-07 05:00:00,5.927
2018-03-08 05:00:00,5.964
2018-03-09 05:00:00,5.937
2018-03-10 05:00:00,6.031
2018-03-11 05:00:00,6.008
2018-03-12 05:00:00,5.945
2018-03-13 05:00:00,6.008
2018-03-14 05:00:00,5.935
2018-03-15 05:00:00,6.048
2018-03-16 05:00:00,5.502
2018-03-17 05:00:00,6.031
2018-03-18 05:00:00,5.886
2018-03-19 05:00:00,5.884
2018-03-20 05:00:00,5.829
2018-03-21 05:00:00,4.792
2018-03-22 05:00:00,0.156
2018-03-23 05:00:00,6.051
2018-03-24 05:00:00,7.398
2018-03-25 05:00:00,6.076
2018-03-26 05:00:00,5.957
2018-03-27 05:00:00,6.023
2018-03-28 05:00:00,5.85
2018-03-29 05:00:00,6.026
2018-03-30 05:00:00,6.02
2018-03-31 05:00:00,6.065
2018-04-01 05:00:00,6.091
2018-04-02 05:00:00,6.093
2018-04-03 05:00:00,5.98
2018-04-04 05:00:00,6.036
2018-04-05 05:00:00,6.037
2018-04-06 05:00:00,6.102
2018-04-07 05:00:00,6.017
2018-04-08 05:00:00,6.019
2018-04-09 05:00:00,6.132
2018-04-10 05:00:00,6.015
2018-04-11 05:00:00,5.924
2018-04-12 05:00:00,5.91
2018-04-13 05:00:00,5.694
2018-04-14 05:00:00,5.931
2018-04-21 05:00:00,6.09
2018-04-22 05:00:00,6.131
2018-04-23 05:00:00,6.043
2018-04-24 05:00:00,6.096
2018-04-25 05:00:00,6.259
2018-04-26 05:00:00,6.145
2018-04-27 05:00:00,5.227
2018-04-28 05:00:00,6.038
2018-04-29 05:00:00,6.139
2018-04-30 05:00:00,6.115
2018-05-01 05:00:00,6.201
2018-05-02 05:00:00,6.145
2018-05-03 05:00:00,6.012
2018-05-04 05:00:00,6.104
2018-05-05 05:00:00,6.058
2018-05-06 05:00:00,5.874
2018-05-07 05:00:00,5.98
2018-05-08 05:00:00,6.0
2018-05-09 05:00:00,5.8
2018-05-10 05:00:00,5.803
2018-05-11 05:00:00,5.886
2018-05-12 05:00:00,6.002
2018-05-13 05:00:00,6.061
2018-05-14 05:00:00,5.92
2018-05-15 05:00:00,6.015
2018-05-16 05:00:00,6.023
2018-05-17 05:00:00,5.851
2018-05-18 05:00:00,5.901
2018-05-19 05:00:00,6.128
2018-05-20 05:00:00,6.129
2018-05-21 05:00:00,6.129
2018-05-22 05:00:00,6.097
2018-05-23 05:00:00,6.767
2018-05-24 05:00:00,6.096
2018-05-25 05:00:00,5.936
2018-05-26 05:00:00,6.092
2018-06-01 05:00:00,6.051
2018-06-02 05:00:00,5.945
2018-06-03 05:00:00,6.009
2018-06-04 05:00:00,5.986
2018-06-05 05:00:00,5.968
2018-06-06 05:00:00,5.93
2018-06-07 05:00:00,5.75
2018-06-08 05:00:00,4.926
2018-06-09 05:00:00,5.643
2018-06-10 05:00:00,5.991
2018-06-11 05:00:00,5.978
2018-06-12 05:00:00,5.296
2018-06-13 05:00:00,6.203
2018-06-14 05:00:00,6.195
2018-06-15 05:00:00,6.147
2018-06-16 05:00:00,6.022
2018-06-17 05:00:00,6.042
2018-06-18 05:00:00,5.987
2018-06-19 05:00:00,6.024
2018-06-20 05:00:00,6.119
2018-06-21 05:00:00,6.251
2018-06-22 05:00:00,6.394
2018-06-23 05:00:00,6.578
2018-06-24 05:00:00,6.191
2018-06-25 05:00:00,6.121
2018-06-26 05:00:00,6.15
2018-06-27 05:00:00,6.076
2018-06-28 05:00:00,6.039
2018-06-29 05:00:00,6.071
2018-06-30 05:00:00,6.078
2018-07-01 05:00:00,6.083
2018-07-02 05:00:00,6.083
2018-07-03 05:00:00,6.111
2018-07-04 05:00:00,6.151
2018-07-05 05:00:00,6.177
2018-07-06 05:00:00,6.056
2018-07-07 05:00:00,5.971
2018-07-08 03:00:00,5.959
2018-07-09 05:00:00,6.205
2018-07-10 05:00:00,5.652
2018-07-11 05:00:00,6.068
2018-07-12 05:00:00,6.155
2018-07-14 05:00:00,5.854
2018-07-15 05:00:00,5.967
2018-07-16 05:00:00,6.137
2018-07-17 05:00:00,6.123
2018-07-18 05:00:00,6.14
2018-07-19 05:00:00,6.065
2018-07-20 05:00:00,5.986
2018-07-21 05:00:00,5.999
2018-07-22 05:00:00,6.012
2018-07-23 05:00:00,5.924
2018-07-24 05:00:00,5.945
2018-07-25 05:00:00,4.959
2018-07-26 05:00:00,5.936
2018-07-27 05:00:00,5.937
2018-07-28 05:00:00,5.799
2018-07-29 05:00:00,5.899
2018-07-30 05:00:00,5.764
2018-07-31 05:00:00,5.729
2018-08-01 05:00:00,5.882
2018-08-02 05:00:00,6.19
2018-08-03 05:00:00,5.86
2018-08-04 05:00:00,5.814
2018-08-05 05:00:00,5.996
2018-08-07 05:00:00,6.024
2018-08-08 05:00:00,5.95
2018-08-09 05:00:00,5.841
2018-08-10 05:00:00,5.969
2018-08-11 05:00:00,6.043
2018-08-12 05:00:00,6.215
2018-08-13 05:00:00,6.283
2018-08-14 05:00:00,6.246
2018-08-15 05:00:00,5.977
2018-08-16 05:00:00,5.814
2018-08-17 05:00:00,6.082
2018-08-17 23:00:00,5.539
2018-08-19 05:00:00,5.995
2018-08-20 05:00:00,5.937
2018-08-21 05:00:00,5.842
2018-08-22 05:00:00,5.901
2018-08-24 05:00:00,5.523
2018-08-25 05:00:00,6.062
2018-08-26 05:00:00,5.856
2018-08-27 05:00:00,5.94
2018-08-28 05:00:00,5.882
2018-08-29 05:00:00,5.891
2018-08-30 05:00:00,6.027
2018-08-31 05:00:00,6.09
2018-09-01 05:00:00,6.031
2018-09-02 05:00:00,6.014
2018-09-03 05:00:00,6.202
2018-09-04 05:00:00,5.79
2018-09-05 05:00:00,5.869
2018-09-06 05:00:00,5.79
2018-09-07 05:00:00,5.697
2018-09-08 05:00:00,5.652
2018-09-09 05:00:00,4.623
2018-09-10 05:00:00,5.815
2018-09-11 05:00:00,5.822
2018-09-12 05:00:00,5.869
2018-09-13 05:00:00,5.9
2018-09-14 05:00:00,5.923
2018-09-15 05:00:00,5.864
2018-09-16 05:00:00,5.816
2018-09-23 05:00:00,5.898
2018-09-24 05:00:00,5.862
2018-09-25 05:00:00,5.645
2018-09-26 05:00:00,5.878
2018-09-27 05:00:00,5.864
2018-09-28 05:00:00,5.895
2018-10-02 05:00:00,6.205
2018-10-03 05:00:00,6.185
2018-10-04 05:00:00,6.267
2018-10-05 05:00:00,6.333
2018-10-06 05:00:00,6.377
2018-10-07 05:00:00,6.127
2018-10-08 05:00:00,5.888
2018-10-09 05:00:00,5.81
2018-10-10 05:00:00,5.862
2018-10-11 05:00:00,5.96
2018-10-12 05:00:00,6.022
2018-10-13 05:00:00,6.083
2018-10-14 05:00:00,6.057
2018-10-15 05:00:00,6.016
2018-10-16 05:00:00,6.005
2018-10-17 05:00:00,5.919
2018-10-18 05:00:00,5.892
2018-10-19 05:00:00,5.441
2018-10-20 05:00:00,5.479
2018-10-21 05:00:00,5.467
2018-10-22 05:00:00,6.064
2018-10-23 05:00:00,6.064
2018-10-24 05:00:00,5.974
2018-10-25 05:00:00,5.959
2018-10-26 05:00:00,5.978
2018-10-27 05:00:00,6.086
2018-10-28 05:00:00,6.093
2018-10-29 05:00:00,6.015
2018-10-30 05:00:00,5.915
2018-10-31 05:00:00,5.984
2018-11-01 05:00:00,5.879
2018-11-02 05:00:00,5.915
2018-11-03 05:00:00,5.846
2018-11-04 05:00:00,5.963
2018-11-05 05:00:00,6.112
2018-11-06 05:00:00,6.287
2018-11-09 05:00:00,5.81
2018-11-10 05:00:00,5.693
2018-11-11 05:00:00,5.865
2018-11-12 05:00:00,5.817
2018-11-13 05:00:00,5.717
2018-11-14 05:00:00,5.492
2018-11-15 05:00:00,4.617
2018-11-17 05:00:00,5.8
2018-11-18 05:00:00,6.029
2018-11-19 05:00:00,5.942
2018-11-20 05:00:00,5.83
2018-11-21 05:00:00,5.874
2018-11-22 05:00:00,4.855
2018-11-23 05:00:00,5.672
2018-11-24 05:00:00,5.423
2018-11-25 05:00:00,5.803
2018-11-26 05:00:00,5.736
2018-11-27 05:00:00,5.777
2018-11-28 05:00:00,5.691
2018-11-29 05:00:00,5.729
2018-11-30 05:00:00,5.778
2018-12-01 05:00:00,5.694
2018-12-02 05:00:00,5.709
2018-12-03 05:00:00,5.626
2018-12-04 05:00:00,5.684
2018-12-05 05:00:00,5.77
2018-12-06 05:00:00,5.79
2018-12-07 05:00:00,5.9
2018-12-08 05:00:00,6.05
2018-12-09 05:00:00,6.233
2018-12-10 05:00:00,6.073
2018-12-11 05:00:00,6.21
2018-12-12 05:00:00,6.13
2018-12-13 05:00:00,6.105
2018-12-14 05:00:00,6.029
2018-12-15 05:00:00,5.092
2018-12-16 05:00:00,5.83
2018-12-17 05:00:00,6.187
2018-12-18 05:00:00,5.97
2018-12-19 05:00:00,6.073
2018-12-20 05:00:00,6.024
2018-12-21 05:00:00,6.016
2018-12-22 05:00:00,6.106
2018-12-23 05:00:00,6.117
2018-12-24 05:00:00,6.12
2018-12-25 05:00:00,6.136
2018-12-26 05:00:00,6.116
2018-12-27 05:00:00,6.079
2018-12-28 05:00:00,6.026
2018-12-29 05:00:00,5.728
2018-12-30 05:00:00,6.253
2018-12-31 05:00:00,6.464
2019-01-01 05:00:00,6.101
2019-01-02 05:00:00,6.04
2019-01-03 05:00:00,6.069
2019-01-04 05:00:00,6.023
2019-01-05 05:00:00,6.201
2019-01-06 05:00:00,6.276
2019-01-07 05:00:00,6.279
2019-01-08 05:00:00,6.247
2019-01-09 05:00:00,4.631
2019-01-10 05:00:00,6.202
2019-01-11 05:00:00,5.989
2019-01-12 05:00:00,6.015
2019-01-13 05:00:00,6.11
2019-01-16 05:00:00,6.07
2019-01-17 05:00:00,6.144
2019-01-18 05:00:00,6.122
2019-01-19 05:00:00,6.022
2019-01-20 05:00:00,6.024
2019-01-21 05:00:00,6.348
2019-01-22 05:00:00,6.249
2019-01-23 05:00:00,6.292
2019-01-24 05:00:00,6.262
2019-01-25 05:00:00,6.222
2019-01-26 05:00:00,6.13
2019-01-27 05:00:00,6.092
2019-01-28 05:00:00,5.892
2019-01-29 05:00:00,5.961
2019-01-30 05:00:00,5.817
2019-02-01 05:00:00,6.098
2019-02-02 05:00:00,6.168
2019-02-03 05:00:00,6.168
2019-02-04 05:00:00,5.953
2019-02-05 05:00:00,5.992
2019-02-06 05:00:00,5.983
2019-02-07 05:00:00,5.97
2019-02-08 05:00:00,6.086
2019-02-09 05:00:00,6.061
2019-02-10 05:00:00,5.942
2019-02-11 05:00:00,6.09
2019-02-12 05:00:00,6.198
2019-02-13 05:00:00,6.223
2019-02-14 05:00:00,6.227
2019-02-15 05:00:00,6.275
2019-02-16 05:00:00,6.215
2019-02-17 05:00:00,6.137
2019-02-18 05:00:00,5.887
2019-02-19 05:00:00,6.254
2019-02-20 05:00:00,6.052
2019-02-21 05:00:00,6.069
2019-02-22 05:00:00,6.127
2019-02-23 05:00:00,6.144
2019-02-24 05:00:00,6.181
2019-02-25 05:00:00,6.203
2019-02-26 05:00:00,6.29
2019-02-27 05:00:00,6.322
2019-02-28 05:00:00,6.272
2019-04-01 14:00:00,6.281
2019-04-02 16:00:00,6.417
2019-04-03 05:00:00,6.455
2019-04-04 05:00:00,6.468
2019-04-05 11:00:00,6.429
2019-04-06 05:00:00,6.372
2019-04-14 05:00:00,6.557
2019-04-15 05:00:00,6.456
2019-04-16 05:00:00,6.172
2019-04-17 05:00:00,6.239
2019-04-18 05:00:00,5.911
2019-04-19 05:00:00,6.137
2019-04-20 05:00:00,6.154
2019-04-21 05:00:00,6.166
2019-04-22 05:00:00,6.111
2019-04-23 05:00:00,6.168
2019-04-24 05:00:00,6.079
2019-04-25 05:00:00,6.017
2019-04-26 05:00:00,6.215
2019-04-27 05:00:00,6.168
2019-04-28 05:00:00,6.183
2019-04-29 05:00:00,6.162
2019-04-30 05:00:00,6.239
2019-05-01 05:00:00,6.17
2019-05-02 05:00:00,5.579
2019-05-02 12:00:00,6.085
2019-05-03 05:00:00,6.131
2019-05-04 05:00:00,6.152
2019-05-05 05:00:00,6.217
2019-05-06 05:00:00,6.249
2019-05-07 05:00:00,6.058
2019-05-08 05:00:00,6.166
2019-05-09 05:00:00,6.062
2019-05-10 05:00:00,6.139
2019-05-11 05:00:00,6.12
2019-05-12 05:00:00,6.098
2019-05-13 05:00:00,6.172
2019-05-14 05:00:00,6.278
2019-05-15 05:00:00,6.175
2019-05-16 05:00:00,6.119
2019-05-17 05:00:00,6.382
2019-05-18 05:00:00,6.219
2019-05-19 05:00:00,6.178
2019-05-20 05:00:00,6.133
2019-05-21 05:00:00,5.886
2019-05-22 05:00:00,6.119
2019-05-23 05:00:00,6.343
2019-05-24 05:00:00,6.357
2019-05-25 05:00:00,6.329
2019-05-26 05:00:00,6.301
2019-05-27 05:00:00,6.142
2019-05-28 05:00:00,6.287
2019-05-29 05:00:00,6.339
2019-05-30 05:00:00,6.354
2019-05-31 05:00:00,6.292
2019-06-01 05:00:00,6.112
2019-06-02 05:00:00,5.901
2019-06-03 05:00:00,6.109
2019-06-04 05:00:00,6.032
2019-06-05 05:00:00,6.022
2019-06-06 05:00:00,6.077
2019-06-07 05:00:00,6.264
2019-06-08 05:00:00,6.165
2019-06-09 05:00:00,6.192
2019-06-10 05:00:00,6.115
2019-06-11 05:00:00,6.171
2019-06-12 05:00:00,6.251
2019-06-13 05:00:00,6.367
2019-06-14 05:00:00,6.745
2019-06-15 05:00:00,6.516
2019-06-16 05:00:00,6.524
2019-06-17 05:00:00,6.388
2019-06-18 05:00:00,6.179
2019-06-19 05:00:00,6.467
2019-06-20 05:00:00,6.537
2019-06-21 05:00:00,6.553
2019-06-22 05:00:00,6.459
2019-06-23 05:00:00,6.333
2019-06-24 05:00:00,6.27
2019-06-25 05:00:00,6.513
2019-06-26 05:00:00,6.548
2019-06-27 05:00:00,5.927
2019-06-28 05:00:00,6.374
2019-06-29 05:00:00,6.307
2019-06-30 05:00:00,6.31
2019-07-01 05:00:00,6.461
2019-07-02 05:00:00,6.267
2019-07-03 05:00:00,6.397
2019-07-04 05:00:00,6.245
2019-07-05 05:00:00,6.313
2019-07-06 02:00:00,6.18
2019-07-07 05:00:00,6.177
2019-07-08 05:00:00,6.323
2019-07-09 05:00:00,6.191
2019-07-10 05:00:00,6.317
2019-07-11 05:00:00,6.272
2019-07-12 05:00:00,6.217
2019-07-13 05:00:00,6.143
2019-07-14 05:00:00,6.226
2019-07-15 05:00:00,6.309
2019-07-16 05:00:00,0.352
2019-07-20 05:00:00,6.529
2019-07-21 05:00:00,6.24
2019-07-22 05:00:00,6.189
2019-07-23 05:00:00,6.358
2019-07-26 18:00:00,6.389
2019-08-04 05:00:00,5.755
2019-08-05 05:00:00,6.83
2019-08-06 05:00:00,6.674
2019-08-07 05:00:00,6.582
2019-08-08 05:00:00,6.535
2019-08-09 05:00:00,6.487
2019-08-10 05:00:00,6.232
2019-08-11 05:00:00,6.162
2019-08-12 05:00:00,6.291
2019-08-13 05:00:00,6.269
2019-08-14 05:00:00,6.326
2019-08-15 05:00:00,6.147
2019-08-16 05:00:00,6.6
2019-08-17 05:00:00,6.618
2019-08-18 05:00:00,6.38
2019-08-19 05:00:00,5.515
2019-08-20 05:00:00,5.673
2019-08-21 05:00:00,6.454
2019-08-22 05:00:00,6.531
2019-08-23 05:00:00,5.404
2019-08-24 05:00:00,5.706
2019-08-25 05:00:00,6.241
2019-08-26 05:00:00,6.38
2019-08-27 05:00:00,6.397
2019-08-28 05:00:00,6.463
2019-08-29 05:00:00,6.539
2019-08-30 05:00:00,6.552
2019-08-31 05:00:00,6.544
2019-09-01 05:00:00,6.328
2019-09-02 05:00:00,7.841
2019-09-03 05:00:00,6.221
2019-09-04 05:00:00,6.315
2019-09-05 05:00:00,6.328
2019-09-06 05:00:00,6.476
2019-09-07 05:00:00,6.38
2019-09-08 05:00:00,6.331
2019-09-09 05:00:00,6.252
2019-09-10 05:00:00,8.058
2019-09-11 05:00:00,6.19
2019-09-12 05:00:00,6.183
2019-09-14 05:00:00,6.258
2019-09-15 05:00:00,6.218
2019-09-16 05:00:00,6.185
2019-09-17 05:00:00,6.139
2019-09-18 05:00:00,6.091
2019-09-19 05:00:00,6.047
2019-09-20 05:00:00,6.243
2019-09-21 05:00:00,6.326
2019-09-22 05:00:00,6.301
2019-09-23 05:00:00,6.308
2019-09-24 05:00:00,6.355
2019-09-25 05:00:00,6.369
2019-09-26 05:00:00,6.398
2019-09-27 05:00:00,6.13
2019-09-28 05:00:00,6.277
2019-09-29 05:00:00,6.265
2019-09-30 05:00:00,6.27
2019-09-30 05:00:00,5.141
2019-10-01 05:00:00,6.19
2019-10-02 05:00:00,6.309
2019-10-03 05:00:00,6.328
2019-10-04 05:00:00,6.273
2019-10-05 05:00:00,4.432
2019-10-06 05:00:00,6.282
2019-10-07 05:00:00,6.235
2019-10-08 05:00:00,5.816
2019-10-09 05:00:00,6.04
2019-10-10 05:00:00,6.118
2019-10-11 05:00:00,6.251
2019-10-12 05:00:00,6.403
2019-10-13 05:00:00,6.361
2019-10-14 05:00:00,6.24
2019-10-15 05:00:00,6.11
2019-10-16 05:00:00,6.163
2019-10-17 05:00:00,6.094
2019-10-18 05:00:00,6.367
2019-10-19 05:00:00,6.305
2019-10-20 05:00:00,6.072
2019-10-21 05:00:00,6.251
2019-10-22 05:00:00,6.123
2019-10-23 05:00:00,6.23
2019-10-24 05:00:00,6.527
2019-10-25 05:00:00,6.169
2019-10-26 05:00:00,6.091
2019-10-27 05:00:00,6.112
2019-10-28 05:00:00,6.164
2019-10-29 05:00:00,6.055
2019-10-30 05:00:00,5.89
2019-10-31 05:00:00,6.005
2019-11-01 05:00:00,5.918
2019-11-02 05:00:00,5.838
2019-11-03 05:00:00,5.638
2019-11-04 05:00:00,6.231
2019-11-05 05:00:00,6.087
2019-11-06 05:00:00,6.243
2019-11-07 05:00:00,6.12
2019-11-08 05:00:00,6.201
2019-11-09 05:00:00,6.131
2019-11-10 05:00:00,6.247
2019-11-11 05:00:00,6.363
2019-11-12 05:00:00,6.228
2019-11-13 05:00:00,6.255
2019-11-14 05:00:00,5.988
2019-11-21 05:00:00,6.528
2019-11-22 05:00:00,6.512
2019-11-23 05:00:00,6.494
2019-11-24 05:00:00,6.427
2019-11-25 05:00:00,6.599
2019-11-26 05:00:00,6.614
2019-11-27 05:00:00,6.629
2019-11-28 05:00:00,6.123
2019-11-29 05:00:00,6.324
2019-11-30 05:00:00,6.165
2019-12-01 05:00:00,6.226
2019-12-02 05:00:00,6.168
2019-12-03 05:00:00,6.273
2019-12-04 05:00:00,6.401
2019-12-05 05:00:00,6.497
2019-12-06 05:00:00,6.372
2019-12-07 05:00:00,6.207
2019-12-08 05:00:00,6.419
2019-12-12 05:00:00,6.29
2019-12-13 05:00:00,6.378
2019-12-14 05:00:00,6.187
2019-12-15 05:00:00,6.207
2019-12-16 05:00:00,6.249
2019-12-17 05:00:00,6.164
2019-12-19 05:00:00,6.365
2019-12-20 05:00:00,6.073
2019-12-21 05:00:00,6.131
2019-12-22 05:00:00,6.271
2019-12-23 05:00:00,6.307
2019-12-24 05:00:00,6.345
2019-12-25 05:00:00,6.202
2019-12-26 05:00:00,6.252
2019-12-27 05:00:00,6.215
2019-12-29 05:00:00,6.154
2019-12-30 05:00:00,6.167
2019-12-31 05:00:00,6.001
2020-01-01 05:00:00,6.172
2020-01-02 05:00:00,6.049
2020-01-03 05:00:00,6.138
2020-01-04 05:00:00,6.057
2020-01-05 05:00:00,5.861
2020-01-06 05:00:00,6.225
2020-01-07 05:00:00,6.165
2020-01-08 05:00:00,6.362
2020-01-09 05:00:00,5.994
2020-01-10 05:00:00,5.951
2020-01-11 05:00:00,6.281
2020-01-12 05:00:00,6.021
2020-01-13 05:00:00,6.246
2020-01-14 05:00:00,6.216
2020-01-15 05:00:00,5.912
2020-01-16 05:00:00,6.247
2020-01-17 05:00:00,6.08
2020-01-18 05:00:00,5.702
2020-01-19 05:00:00,5.961
2020-01-20 05:00:00,6.146
2020-01-22 05:00:00,6.175
2020-01-23 05:00:00,6.123
2020-01-24 05:00:00,6.22
2020-01-25 05:00:00,5.906
2020-01-26 05:00:00,6.249
2020-01-27 05:00:00,6.227
2020-01-28 05:00:00,6.25
2020-01-29 05:00:00,6.264
2020-01-30 05:00:00,6.227
2020-01-31 05:00:00,6.283
2020-02-01 05:00:00,6.249
2020-02-06 05:00:00,5.123
2020-02-07 05:00:00,6.102
2020-02-08 05:00:00,6.102
2020-02-09 05:00:00,5.891
2020-02-10 05:00:00,5.898
2020-02-11 05:00:00,5.907
2020-02-12 05:00:00,5.987
2020-02-13 05:00:00,5.737
2020-02-14 05:00:00,6.056
2020-02-15 05:00:00,6.191
2020-02-16 05:00:00,6.138
2020-02-17 05:00:00,6.083
2020-02-18 11:00:00,6.028
2020-02-19 05:00:00,6.147
2020-02-20 05:00:00,6.143
2020-02-21 05:00:00,6.217
2020-02-22 05:00:00,6.268
2020-02-23 05:00:00,6.407
2020-02-24 05:00:00,6.368
2020-02-25 05:00:00,6.353
2020-02-26 05:00:00,6.43
2020-02-27 05:00:00,6.452
2020-02-28 05:00:00,6.347
2020-02-29 05:00:00,6.296
2020-03-01 05:00:00,5.937
2020-03-02 05:00:00,6.524
2020-03-03 05:00:00,6.496
2020-03-04 05:00:00,6.454
2020-03-05 05:00:00,6.619
2020-03-07 05:00:00,5.192
2020-03-09 05:00:00,6.354
2020-03-09 15:00:00,6.589
2020-03-10 05:00:00,6.349
2020-03-11 05:00:00,6.305
2020-03-12 05:00:00,6.263
2020-03-13 05:00:00,6.324
2020-03-14 05:00:00,6.266
2020-03-15 05:00:00,6.134
2020-03-16 05:00:00,6.042
2020-03-17 05:00:00,5.953
2020-03-18 05:00:00,6.037
2020-03-19 05:00:00,5.986
2020-03-20 05:00:00,6.046
2020-03-21 05:00:00,6.11
2020-03-22 05:00:00,5.818
2020-03-23 05:00:00,6.046
2020-03-25 05:00:00,6.107
2020-03-26 05:00:00,6.166
2020-03-27 05:00:00,6.279
2020-03-28 05:00:00,6.281
2020-03-29 05:00:00,6.161
2020-03-30 05:00:00,6.24
2020-03-31 05:00:00,6.23
2020-04-01 05:00:00,6.508
2020-04-02 05:00:00,6.574
2020-04-03 05:00:00,6.597
2020-04-04 05:00:00,6.387
2020-04-05 05:00:00,6.137
2020-04-06 05:00:00,6.15
2020-04-08 05:00:00,7.399
2020-04-09 05:00:00,6.065
2020-04-10 05:00:00,6.258
2020-04-11 05:00:00,6.163
2020-04-12 05:00:00,6.168
2020-04-13 05:00:00,6.132
2020-04-14 05:00:00,6.176
2020-04-15 05:00:00,6.185
2020-04-16 05:00:00,6.144
2020-04-17 05:00:00,6.028
2020-04-18 05:00:00,5.873
2020-04-19 05:00:00,5.987
2020-04-20 05:00:00,6.038
2020-04-21 05:00:00,5.995
2020-04-22 05:00:00,5.938
2020-04-23 05:00:00,5.896
2020-04-24 05:00:00,5.925
2020-04-25 05:00:00,6.127
2020-04-26 05:00:00,6.097
2020-04-27 05:00:00,6.141
2020-04-28 05:00:00,6.155
2020-04-29 05:00:00,6.218
2020-04-30 05:00:00,6.181
2020-05-01 05:00:00,6.4
2020-05-02 05:00:00,6.348
2020-05-03 05:00:00,6.213
2020-05-04 05:00:00,6.298
2020-05-05 05:00:00,6.218
2020-05-06 05:00:00,6.201
2020-05-07 05:00:00,6.291
2020-05-08 05:00:00,6.248
2020-05-09 05:00:00,6.214
2020-05-10 05:00:00,6.169
2020-05-11 05:00:00,6.191
2020-05-12 05:00:00,6.141
2020-05-13 05:00:00,6.187
2020-05-14 05:00:00,6.099
2020-05-15 05:00:00,6.193
2020-05-16 05:00:00,6.107
2020-05-17 05:00:00,6.124
2020-05-18 05:00:00,6.021
2020-05-19 05:00:00,6.097
2020-05-20 05:00:00,6.214
2020-05-21 05:00:00,6.174
2020-05-22 05:00:00,6.146
2020-05-23 05:00:00,5.788
2020-05-24 05:00:00,6.226
2020-05-25 05:00:00,6.23
2020-05-29 05:00:00,6.134
2020-05-30 05:00:00,6.136
2020-05-31 05:00:00,6.149
2020-06-01 05:00:00,5.484
2020-06-02 05:00:00,5.912
2020-06-03 05:00:00,5.926
2020-06-04 05:00:00,5.839
2020-06-05 05:00:00,5.808
2020-06-06 05:00:00,5.941
2020-06-07 05:00:00,5.846
2020-06-08 05:00:00,5.858
2020-06-09 05:00:00,5.989
2020-06-10 05:00:00,5.887
2020-06-11 05:00:00,5.936
2020-06-12 05:00:00,5.666
2020-06-13 05:00:00,5.675
2020-06-14 05:00:00,5.846
2020-06-15 05:00:00,5.992
2020-06-16 05:00:00,5.606
2020-06-17 05:00:00,5.753
2020-06-18 05:00:00,5.815
2020-06-19 05:00:00,5.963
2020-06-20 05:00:00,5.784
2020-06-21 05:00:00,6.07
2020-06-22 05:00:00,6.068
2020-06-23 05:00:00,0.318
2020-06-26 16:00:00,0.129
2020-07-15 19:00:00,6.088
2020-07-17 05:00:00,6.241
2020-07-18 05:00:00,6.318
2020-07-19 05:00:00,6.422
2020-07-20 05:00:00,6.397
2020-07-22 05:00:00,6.047
2020-07-23 05:00:00,5.935
2020-07-24 05:00:00,6.03
2020-07-25 05:00:00,5.783
2020-07-26 05:00:00,5.888
2020-07-27 05:00:00,6.302
2020-07-28 05:00:00,5.97
2020-07-29 05:00:00,6.157
2020-07-30 05:00:00,5.98
2020-07-31 05:00:00,6.139
2020-08-01 05:00:00,6.037
2020-08-02 05:00:00,6.257
2020-08-03 05:00:00,6.333
2020-08-08 05:00:00,6.084
2020-08-09 05:00:00,5.828
2020-08-10 05:00:00,5.618
2020-08-11 05:00:00,6.226
2020-08-12 05:00:00,6.009
2020-08-13 05:00:00,6.014
2020-08-14 05:00:00,5.915
2020-08-15 05:00:00,5.988
2020-08-16 05:00:00,6.023
2020-08-17 05:00:00,7.096
2020-08-18 05:00:00,6.147
2020-08-19 05:00:00,5.479
2020-08-20 05:00:00,6.122
2020-08-22 05:00:00,6.419
2020-08-23 05:00:00,6.13
2020-08-24 05:00:00,6.276
2020-12-01 05:00:00,6.067
2020-12-02 05:00:00,5.993
2020-12-02 17:00:00,6.142
2020-12-06 07:00:00,6.196
2020-12-07 05:00:00,6.2
2020-12-08 05:00:00,6.092
2020-12-12 05:00:00,4.804
2020-12-13 05:00:00,5.861
2020-12-14 03:00:00,5.917
2020-12-16 05:00:00,5.98
2020-12-19 05:00:00,6.031
2020-12-20 05:00:00,6.04
2020-12-22 10:00:00,5.444
2020-12-29 05:00:00,0.672
2021-01-13 10:00:00,6.264
2021-01-14 05:00:00,6.221
2021-01-15 05:00:00,5.76
2021-01-16 05:00:00,6.076
2021-01-17 05:00:00,5.977
2021-01-24 05:00:00,5.371
2021-01-25 05:00:00,5.674
2021-01-26 05:00:00,5.851
2021-01-27 05:00:00,5.715
2021-01-28 05:00:00,5.623
2021-01-29 05:00:00,5.717
2021-01-30 05:00:00,6.084
2021-01-31 05:00:00,6.022
2021-01-31 05:00:00,5.014
2021-02-01 05:00:00,6.844
2021-02-02 05:00:00,5.945
2021-02-03 05:00:00,5.974
2021-02-04 05:00:00,5.813
2021-02-09 05:00:00,5.897
2021-02-10 05:00:00,6.231
2021-02-11 05:00:00,6.038
2021-02-12 05:00:00,5.842
2021-02-13 05:00:00,5.843
2021-02-13 15:00:00,5.019
2021-02-14 05:00:00,5.821
2021-03-02 05:00:00,6.364
2021-03-03 05:00:00,6.309
2021-03-04 07:00:00,6.357
2021-03-06 05:00:00,5.733
2021-03-07 05:00:00,5.633
2021-03-09 05:00:00,5.266
2021-03-10 05:00:00,6.016
2021-03-11 05:00:00,5.971
2021-03-12 05:00:00,5.985
2021-03-13 05:00:00,6.021
2021-03-14 05:00:00,6.082
2021-03-15 05:00:00,6.1
2021-03-16 05:00:00,6.159
2021-03-17 05:00:00,6.066
2021-03-18 05:00:00,6.171
2021-03-19 05:00:00,6.17
2021-03-20 05:00:00,6.089
2021-03-21 08:00:00,6.156
2021-03-22 05:00:00,6.244
2021-03-23 05:00:00,6.152
2021-03-24 05:00:00,6.231
2021-03-25 05:00:00,6.035
2021-03-26 05:00:00,6.143
2021-03-27 05:00:00,6.092
2021-03-28 05:00:00,5.966
2021-03-29 05:00:00,6.274
2021-03-30 05:00:00,6.149
2021-03-31 05:00:00,6.08
2021-04-01 05:00:00,6.141
2021-04-02 05:00:00,5.725
2021-04-03 05:00:00,5.492
2021-04-04 05:00:00,6.093
2021-04-05 05:00:00,6.204
2021-04-06 05:00:00,4.98
2021-04-07 05:00:00,6.047
2021-04-08 05:00:00,6.273
2021-04-09 05:00:00,5.935
2021-04-10 05:00:00,6.128
2021-04-11 05:00:00,6.087
2021-04-12 05:00:00,5.965
2021-04-13 05:00:00,6.455
2021-04-14 05:00:00,6.362
2021-04-15 05:00:00,6.225
2021-04-16 05:00:00,4.962
2021-04-17 05:00:00,6.186
2021-04-18 05:00:00,5.702
2021-04-19 05:00:00,6.274
2021-04-20 05:00:00,6.112
2021-04-21 05:00:00,6.112
2021-04-22 05:00:00,6.242
2021-04-23 05:00:00,5.996
2021-04-24 05:00:00,5.683
2021-04-25 05:00:00,5.747
2021-04-26 05:00:00,4.785
2021-04-27 05:00:00,5.625
2021-04-28 05:00:00,5.729
2021-04-29 05:00:00,5.919
2021-04-30 05:00:00,6.227
2021-05-01 05:00:00,6.259
2021-05-02 05:00:00,6.252
2021-05-03 05:00:00,6.25
2021-05-04 05:00:00,6.119
2021-05-05 05:00:00,6.289
2021-05-06 05:00:00,6.171
2021-05-07 05:00:00,6.262
2021-05-08 05:00:00,6.298
2021-05-09 05:00:00,6.263
2021-05-10 05:00:00,6.125
2021-05-11 05:00:00,6.009
2021-05-12 05:00:00,6.559
2021-05-13 05:00:00,6.214
2021-05-14 05:00:00,5.993
2021-05-15 05:00:00,6.128
2021-05-16 05:00:00,6.11
2021-05-17 05:00:00,5.624
2021-05-18 05:00:00,6.001
2021-05-19 05:00:00,5.431
2021-05-20 05:00:00,5.93
2021-05-21 05:00:00,5.8
2021-05-22 05:00:00,5.703
2021-05-23 05:00:00,5.815
2021-05-24 05:00:00,6.037
2021-05-25 05:00:00,5.96
2021-05-26 05:00:00,6.09
2021-05-27 05:00:00,5.436
2021-05-28 05:00:00,5.838
2021-05-29 05:00:00,5.565
2021-05-30 05:00:00,5.732
2021-05-31 05:00:00,4.903
2021-06-10 19:00:00,0.037
2021-06-11 05:00:00,5.467
2021-06-13 05:00:00,6.035
2021-06-14 05:00:00,5.489
2021-06-15 05:00:00,6.421
2021-06-16 05:00:00,6.107
2021-06-17 05:00:00,3.759
2021-06-18 05:00:00,4.022
2021-06-19 05:00:00,5.87
2021-06-20 05:00:00,5.698
2021-06-21 05:00:00,4.536
2021-06-22 05:00:00,5.449
2021-06-23 05:00:00,5.128
2021-06-24 05:00:00,6.074
2021-06-25 05:00:00,5.862
2021-06-26 05:00:00,6.117
2021-06-27 05:00:00,5.866
2021-06-28 05:00:00,5.9
2021-06-29 05:00:00,6.096
2021-06-30 05:00:00,6.117
2021-07-01 05:00:00,6.049
2021-07-02 05:00:00,6.115
2021-07-03 05:00:00,6.066
2021-07-04 05:00:00,6.147
2021-07-05 05:00:00,4.245
2021-07-06 05:00:00,6.189
2021-07-07 05:00:00,4.631
2021-07-08 05:00:00,5.392
2021-07-09 05:00:00,6.007
2021-07-11 05:00:00,5.902
2021-07-12 07:00:00,5.802
2021-07-13 05:00:00,6.155
2021-07-14 05:00:00,6.283
2021-07-15 08:00:00,6.474
2021-07-16 05:00:00,6.539
2021-07-17 05:00:00,6.531
2021-07-18 05:00:00,6.602
2021-07-19 05:00:00,6.442
2021-07-20 05:00:00,3.988
2021-07-21 05:00:00,5.965
2021-07-22 05:00:00,6.304
2021-07-23 05:00:00,6.22
2021-07-24 05:00:00,6.228
2021-07-25 05:00:00,6.209
2021-07-26 05:00:00,6.146
2021-07-28 05:00:00,6.206
2021-08-02 05:00:00,0.1
2021-08-03 05:00:00,0.108
2021-08-04 05:00:00,0.045
2021-08-06 05:00:00,6.319
2021-08-07 05:00:00,6.452
2021-08-08 05:00:00,6.441
2021-08-09 05:00:00,6.263
2021-08-10 05:00:00,6.131
2021-08-11 05:00:00,6.27
2021-08-12 05:00:00,6.435
2021-08-13 05:00:00,6.378
2021-08-14 05:00:00,6.452
2021-08-18 05:00:00,6.574
2021-08-19 05:00:00,5.917
2021-08-20 05:00:00,6.663
2021-08-21 05:00:00,6.583
2021-08-22 05:00:00,6.446
2021-08-23 05:00:00,6.214
2021-08-24 05:00:00,6.065
2021-08-25 05:00:00,6.058
2021-08-26 05:00:00,5.816
2021-08-27 05:00:00,5.961
2021-08-28 05:00:00,5.955
2021-08-30 07:00:00,5.892
2021-08-31 05:00:00,5.857
2021-09-01 05:00:00,5.858
2021-09-02 05:00:00,6.02
2021-09-03 07:00:00,5.964
2021-09-04 05:00:00,5.96
2021-09-05 05:00:00,5.882
2021-09-06 05:00:00,5.865
2021-09-07 05:00:00,6.106
2021-09-08 05:00:00,6.038
2021-09-09 05:00:00,6.587
2021-09-10 05:00:00,6.293
2021-09-11 05:00:00,6.326
2021-09-12 05:00:00,6.214
2021-09-13 05:00:00,6.009
2021-09-14 08:00:00,5.903
2021-09-15 05:00:00,6.132
2021-09-16 05:00:00,6.099
2021-09-17 05:00:00,6.069
2021-09-18 05:00:00,6.025
2021-09-19 05:00:00,5.958
2021-09-20 05:00:00,4.386
2021-10-02 05:00:00,6.278
2021-10-03 05:00:00,6.274
2021-10-04 05:00:00,6.193
2021-10-05 05:00:00,6.045
2021-10-06 05:00:00,6.058
2021-10-07 05:00:00,5.785
2021-10-08 05:00:00,5.435
2021-10-09 05:00:00,5.67
2021-10-10 05:00:00,5.714
2021-10-11 05:00:00,5.539
2021-10-12 05:00:00,5.525
2021-10-13 05:00:00,5.979
2021-10-14 05:00:00,5.936
2021-10-15 05:00:00,5.933
2021-10-16 05:00:00,5.941
2021-10-17 05:00:00,6.024
2021-10-18 05:00:00,5.655
2021-10-19 05:00:00,5.856
2021-10-20 05:00:00,5.791
2021-10-21 05:00:00,5.927
2021-10-22 05:00:00,5.947
2021-10-23 05:00:00,6.024
2021-10-24 05:00:00,5.762
2021-10-25 05:00:00,5.571
2021-10-26 05:00:00,6.184
2021-10-27 05:00:00,6.201
2021-10-28 05:00:00,6.146
2021-10-29 05:00:00,6.178
2021-10-30 05:00:00,6.11
2021-10-31 05:00:00,6.233
2021-11-01 05:00:00,5.971
2021-11-02 05:00:00,6.007
2021-11-03 05:00:00,5.518
2021-11-04 05:00:00,5.708
2021-11-05 05:00:00,5.827
2021-11-07 05:00:00,5.132
2021-11-20 05:00:00,5.998
2021-12-02 05:00:00,6.079
2021-12-04 05:00:00,6.156
2021-12-05 05:00:00,6.291
2021-12-06 05:00:00,5.951
2021-12-07 05:00:00,5.501
2021-12-08 05:00:00,6.296
2021-12-09 05:00:00,6.379
2021-12-10 05:00:00,6.385
2021-12-11 05:00:00,6.26
2021-12-12 05:00:00,6.237
2021-12-13 05:00:00,6.076
2021-12-14 05:00:00,6.406
2021-12-15 05:00:00,6.063
2021-12-16 05:00:00,6.076
2021-12-17 05:00:00,6.107
2021-12-18 05:00:00,6.254
2021-12-19 05:00:00,6.15
2021-12-20 05:00:00,6.217
2021-12-21 05:00:00,6.2
2021-12-22 05:00:00,6.235
2021-12-23 05:00:00,5.583
2021-12-24 05:00:00,5.614
2021-12-25 08:00:00,5.62
2021-12-26 05:00:00,5.951
2021-12-27 05:00:00,5.902
2021-12-28 05:00:00,5.739
2021-12-29 05:00:00,5.866
2021-12-30 05:00:00,5.848
2021-12-31 05:00:00,5.887
2022-01-01 05:00:00,5.887
2022-01-02 05:00:00,5.885
2022-01-03 05:00:00,4.923
2022-01-05 05:00:00,5.728
2022-01-06 05:00:00,4.419
2022-01-07 05:00:00,6.147
2022-01-10 05:00:00,6.016
2022-01-11 05:00:00,6.304
2022-01-12 05:00:00,6.219
2022-01-13 05:00:00,6.207
2022-01-14 05:00:00,6.099
2022-01-15 05:00:00,5.536
2022-01-16 05:00:00,5.568
2022-01-17 05:00:00,6.001
2022-01-18 05:00:00,5.398
2022-01-19 05:00:00,6.028
2022-01-20 05:00:00,5.985
2022-01-23 05:00:00,5.188
2022-01-24 05:00:00,6.211
2022-01-25 05:00:00,6.262
2022-01-26 05:00:00,6.248
2022-01-27 05:00:00,6.222
2022-01-28 05:00:00,6.075
2022-01-29 05:00:00,6.087
2022-01-30 05:00:00,6.028
2022-01-31 05:00:00,6.087
2022-02-01 05:00:00,5.198
2022-02-02 05:00:00,6.069
2022-02-03 05:00:00,5.775
2022-02-04 05:00:00,6.22
2022-02-06 05:00:00,5.13
2022-02-12 05:00:00,5.122
2022-02-13 05:00:00,5.832
2022-02-14 05:00:00,5.906
2022-02-15 05:00:00,5.224
2022-02-16 05:00:00,4.755
2022-02-17 05:00:00,5.261
2022-02-18 05:00:00,6.016
2022-02-19 05:00:00,5.954
2022-02-20 05:00:00,6.018
2022-04-12 05:00:00,4.684
2022-04-14 05:00:00,5.624
2022-04-18 05:00:00,6.097
2022-04-19 05:00:00,6.259
2022-04-20 05:00:00,6.182
2022-04-21 05:00:00,6.18
2022-04-22 05:00:00,6.041
2022-04-24 05:00:00,5.386
2022-04-25 05:00:00,5.98
2022-04-26 05:00:00,4.989
2022-04-27 05:00:00,5.952
2022-04-28 05:00:00,5.459
2022-04-29 05:00:00,6.02
2022-04-30 05:00:00,5.721
2022-05-01 05:00:00,5.818
2022-05-02 05:00:00,5.882
2022-05-03 05:00:00,5.885
2022-05-04 05:00:00,5.413
2022-05-05 05:00:00,5.592
2022-05-06 05:00:00,5.73
2022-05-08 05:00:00,5.844
2022-05-09 05:00:00,4.897
2022-05-10 05:00:00,5.646
2022-05-11 05:00:00,4.792
2022-05-12 05:00:00,5.879
2022-05-13 05:00:00,5.829
2022-05-14 05:00:00,5.783
2022-05-15 05:00:00,5.599
2022-05-16 05:00:00,5.799
2022-05-17 05:00:00,5.717
2022-05-18 05:00:00,5.764
2022-05-19 05:00:00,5.655
2022-05-20 05:00:00,5.642
2022-05-21 05:00:00,5.935
2022-05-22 05:00:00,6.02
2022-05-23 05:00:00,5.831
2022-05-24 05:00:00,5.459
2022-05-25 05:00:00,5.902
2022-05-26 05:00:00,5.678
2022-05-27 05:00:00,5.88
2022-05-28 05:00:00,5.829
2022-05-29 05:00:00,5.859
2022-05-30 05:00:00,5.448
2022-05-31 05:00:00,6.011
2022-06-01 05:00:00,6.062
2022-06-02 05:00:00,6.072
2022-06-03 05:00:00,6.059
2022-06-04 05:00:00,5.719
2022-06-05 05:00:00,6.139
2022-06-06 05:00:00,6.443
2022-06-07 05:00:00,6.058
2022-06-08 05:00:00,4.285
2022-06-09 05:00:00,6.146
2022-06-10 05:00:00,6.127
2022-06-11 05:00:00,5.956
2022-06-12 05:00:00,6.053
2022-06-13 05:00:00,5.636
2022-06-14 05:00:00,5.864
2022-06-15 05:00:00,5.687
2022-06-16 05:00:00,5.344
2022-06-17 05:00:00,5.492
2022-06-18 05:00:00,3.849
2022-06-19 05:00:00,5.564
2022-06-20 05:00:00,5.903
2022-06-21 05:00:00,5.037
2022-06-22 05:00:00,6.128
2022-06-23 05:00:00,6.1
2022-06-24 05:00:00,6.027
2022-06-25 05:00:00,6.051
2022-06-26 05:00:00,5.934
2022-06-27 05:00:00,5.885
2022-06-28 05:00:00,5.883
2022-06-29 05:00:00,6.061
2022-06-30 05:00:00,6.158
2022-07-01 05:00:00,5.983
2022-07-02 05:00:00,5.946
2022-07-03 05:00:00,5.825
2022-07-04 05:00:00,6.0
2022-07-05 05:00:00,5.965
2022-07-06 05:00:00,5.961
2022-07-07 05:00:00,5.855
2022-07-08 05:00:00,5.762
2022-07-09 05:00:00,5.652
2022-07-29 05:00:00,5.921
2022-07-30 05:00:00,6.023
2022-07-31 05:00:00,5.983
2022-08-01 05:00:00,6.267
2022-08-02 05:00:00,6.276
2022-08-03 05:00:00,5.97
2022-08-04 05:00:00,5.617
2022-08-05 05:00:00,5.971
2022-08-06 05:00:00,4.431
2022-08-07 05:00:00,6.176
2022-08-08 05:00:00,5.815
2022-08-09 05:00:00,5.942
2022-08-10 05:00:00,5.951
2022-08-11 05:00:00,6.038
2022-08-12 05:00:00,5.993
2022-08-13 05:00:00,6.146
2022-08-14 05:00:00,6.136
2022-08-15 05:00:00,5.808
2022-08-16 05:00:00,6.096
2022-08-17 05:00:00,6.178
2022-08-18 05:00:00,5.611
2022-08-19 05:00:00,5.984
2022-08-20 05:00:00,6.015
2022-08-21 05:00:00,6.006
2022-08-22 05:00:00,6.003
2022-08-23 05:00:00,6.099
2022-08-24 05:00:00,6.062
2022-08-25 05:00:00,5.957
2022-08-26 05:00:00,5.993
2022-08-27 05:00:00,6.017
2022-08-28 05:00:00,5.932
2022-08-29 05:00:00,5.932
2022-08-30 05:00:00,6.001
2022-10-21 05:00:00,6.044
2023-01-08 05:00:00,6.171
2023-01-09 08:00:00,5.564
2023-01-10 05:00:00,3.978
2023-01-11 05:00:00,4.658
2023-01-12 04:00:00,3.971
2023-01-13 05:00:00,5.934
2023-01-14 05:00:00,6.132
2023-01-15 05:00:00,6.104
2023-01-16 05:00:00,5.938
2023-01-17 05:00:00,5.967
2023-01-18 05:00:00,6.181
2023-01-19 05:00:00,6.096
2023-01-20 05:00:00,6.469
2023-01-21 05:00:00,6.315
2023-01-22 05:00:00,6.326
2023-01-23 05:00:00,6.268
2023-01-24 05:00:00,6.246
2023-01-25 05:00:00,6.096
2023-01-26 05:00:00,5.971
2023-01-27 05:00:00,5.955
2023-01-28 05:00:00,6.304
2023-01-30 05:00:00,6.286
2023-01-31 05:00:00,6.022
2023-02-02 05:00:00,6.154
2023-02-03 05:00:00,6.432
2023-02-04 05:00:00,5.67
2023-02-05 05:00:00,6.056
2023-02-06 05:00:00,6.166
2023-02-07 05:00:00,6.093
2023-02-08 05:00:00,6.016
2023-02-09 05:00:00,6.079
2023-02-10 05:00:00,6.104
2023-02-11 05:00:00,6.321
2023-02-12 05:00:00,6.153
2023-02-13 05:00:00,6.295
2023-02-14 05:00:00,6.276
2023-02-15 05:00:00,6.292
2023-02-16 05:00:00,6.263
2023-02-17 05:00:00,6.33
2023-02-18 05:00:00,6.264
2023-02-19 05:00:00,6.292
2023-02-20 05:00:00,5.95
2023-02-21 05:00:00,6.171
2023-02-22 05:00:00,6.081
2023-02-23 05:00:00,6.106
2023-02-24 05:00:00,6.279
2023-02-25 05:00:00,6.193
2023-02-26 05:00:00,6.19
2023-02-27 05:00:00,6.464
2023-02-28 05:00:00,6.503
2023-03-01 05:00:00,6.458
2023-03-03 00:00:00,6.488
2023-03-03 05:00:00,6.416
2023-03-04 05:00:00,6.187
2023-03-05 05:00:00,6.14
2023-03-07 05:00:00,4.79
2023-03-08 05:00:00,4.487
2023-03-09 05:00:00,4.959
2023-03-10 05:00:00,6.171
2023-03-11 05:00:00,6.187
2023-03-12 05:00:00,6.174
2023-03-13 05:00:00,5.878
2023-03-14 05:00:00,6.182
2023-03-15 05:00:00,6.21
2023-03-16 05:00:00,5.481
2023-03-17 05:00:00,5.152
2023-03-18 05:00:00,4.841
2023-03-19 05:00:00,5.315
2023-03-20 05:00:00,6.042
2023-03-21 05:00:00,5.971
2023-03-22 05:00:00,5.935
2023-03-23 05:00:00,5.927
2023-04-11 05:00:00,6.077
2023-04-12 05:00:00,6.216
2023-04-13 05:00:00,6.227
2023-04-14 05:00:00,6.073
2023-04-15 05:00:00,6.201
2023-04-16 05:00:00,5.899
2023-04-19 05:00:00,6.294
2023-04-20 05:00:00,5.828
2023-04-22 05:00:00,5.966
2023-04-23 05:00:00,6.349
2023-04-24 05:00:00,6.294
2023-04-25 05:00:00,6.323
2023-04-26 05:00:00,6.201
2023-04-27 05:00:00,6.338
2023-04-28 05:00:00,6.249
2023-04-29 05:00:00,5.78
2023-04-30 05:00:00,5.335
2023-05-01 05:00:00,5.495
2023-05-02 05:00:00,5.677
2023-05-03 05:00:00,5.756
2023-05-04 05:00:00,4.802
2023-05-06 05:00:00,6.354
2023-05-07 05:00:00,6.357
2023-05-08 05:00:00,4.73
2023-05-09 05:00:00,6.24
2023-05-11 05:00:00,6.253
2023-05-12 05:00:00,6.356
2023-05-13 05:00:00,6.136
2023-05-14 05:00:00,5.433
2023-05-15 05:00:00,6.233
2023-05-16 05:00:00,6.297
2023-05-18 00:00:00,6.087
2023-05-19 00:00:00,3.823
2023-05-20 00:00:00,6.099
2023-05-21 00:00:00,6.032
2023-05-22 00:00:00,6.084
2023-05-23 00:00:00,6.146
2023-05-24 00:00:00,6.274
2023-05-25 00:00:00,6.377
2023-05-26 00:00:00,6.31
2023-05-27 00:00:00,6.244
2023-05-28 00:00:00,6.214
2023-05-29 00:00:00,6.18
2023-05-30 00:00:00,6.126
2023-05-31 00:00:00,6.147
2023-06-01 00:00:00,6.246
2023-06-03 00:00:00,6.447
2023-06-04 00:00:00,6.304
2023-06-05 00:00:00,6.222
2023-06-06 00:00:00,6.02
2023-06-07 00:00:00,5.872
2023-06-08 00:00:00,5.867
2023-06-09 00:00:00,5.884
2023-06-10 00:00:00,5.915
2023-06-12 00:00:00,5.84
2023-06-13 00:00:00,5.907
2023-06-14 00:00:00,5.613
2023-06-15 00:00:00,5.895
2023-06-16 00:00:00,6.043
2023-06-17 00:00:00,6.03
2023-06-18 00:00:00,6.03
2023-06-19 00:00:00,6.158
2023-06-20 00:00:00,6.192
2023-06-21 00:00:00,6.124
2023-06-22 00:00:00,6.125
2023-06-23 00:00:00,6.202
2023-06-24 00:00:00,6.233
2023-06-25 00:00:00,6.362
2023-06-26 00:00:00,6.36
2023-06-27 00:00:00,6.459
2023-06-28 00:00:00,6.257
2023-06-29 00:00:00,6.13
2023-06-30 00:00:00,6.201
2023-07-01 00:00:00,6.108
2023-07-02 00:00:00,6.866
2023-07-03 00:00:00,6.126
2023-07-04 00:00:00,6.003
2023-07-05 00:00:00,6.105
2023-07-06 00:00:00,6.153
2023-07-07 00:00:00,6.184
2023-07-29 00:00:00,6.303
2023-07-30 00:00:00,6.458
2023-07-31 00:00:00,6.421
2023-08-06 00:00:00,6.262
2023-08-07 00:00:00,6.244
2023-08-08 00:00:00,6.123
2023-08-09 00:00:00,6.166
2023-08-10 00:00:00,6.136
2023-08-11 00:00:00,6.121
2023-08-12 00:00:00,6.177
2023-08-13 00:00:00,6.196
2023-08-14 00:00:00,6.252
2023-08-15 00:00:00,6.309
2023-08-16 00:00:00,6.437
2023-08-17 00:00:00,6.316
2023-08-18 00:00:00,6.317
2023-08-19 00:00:00,6.463
2023-08-20 00:00:00,7.354
2023-08-21 00:00:00,6.43
2023-08-22 00:00:00,6.435
2023-08-23 00:00:00,6.854
2023-08-24 00:00:00,6.334
2023-08-25 00:00:00,6.43
2023-08-26 00:00:00,6.425
2023-08-27 00:00:00,6.285
2023-08-28 00:00:00,6.351
2023-08-29 00:00:00,6.462
2023-08-30 00:00:00,6.437
2023-08-31 00:00:00,6.419
