Iteration,Rolling Sizes CDunit,Rolling Sizes FB554,Rolling Sizes AlCon,Shift Hours AlCon,Shift Hours FB554,R-squared,Adj R-Squared,F-statistic,Prob (F-statistic)
1,4,4,2,-2,2,0.7983008368695812,0.7979546640563698,2306.0760591330427,0.0
2,4,4,2,-2,4,0.7983008368695812,0.7979546640563698,2306.0760591330427,0.0
3,4,4,2,-2,6,0.7983008368695812,0.7979546640563698,2306.0760591330427,0.0
4,4,4,4,-2,2,0.7983959463348944,0.7980499367564265,2307.438857242713,0.0
5,4,4,4,-2,4,0.7983959463348944,0.7980499367564265,2307.438857242713,0.0
6,4,4,4,-2,6,0.7983959463348944,0.7980499367564265,2307.438857242713,0.0
7,4,4,6,-2,2,0.7984279935667623,0.7980820389904086,2307.8983431357924,0.0
8,4,4,6,-2,4,0.7984279935667623,0.7980820389904086,2307.8983431357924,0.0
9,4,4,6,-2,6,0.7984279935667623,0.7980820389904086,2307.8983431357924,0.0
10,4,4,8,-2,2,0.798442904048231,0.798096975062481,2308.1121760205956,0.0
11,4,4,8,-2,4,0.798442904048231,0.798096975062481,2308.1121760205956,0.0
12,4,4,8,-2,6,0.798442904048231,0.798096975062481,2308.1121760205956,0.0
13,4,4,10,-2,2,0.798438915710189,0.7980929798793228,2308.054975718629,0.0
14,4,4,10,-2,4,0.798438915710189,0.7980929798793228,2308.054975718629,0.0
15,4,4,10,-2,6,0.798438915710189,0.7980929798793228,2308.054975718629,0.0
16,4,4,12,-2,2,0.7984198451017224,0.798073876540298,2307.781498453484,0.0
17,4,4,12,-2,4,0.7984198451017224,0.798073876540298,2307.781498453484,0.0
18,4,4,12,-2,6,0.7984198451017224,0.798073876540298,2307.781498453484,0.0
19,4,4,14,-2,2,0.798399554506882,0.7980535511210579,2307.490583090994,0.0
20,4,4,14,-2,4,0.798399554506882,0.7980535511210579,2307.490583090994,0.0
21,4,4,14,-2,6,0.798399554506882,0.7980535511210579,2307.490583090994,0.0
22,4,4,16,-2,2,0.7983732249594233,0.7980271763846486,2307.1131718403844,0.0
23,4,4,16,-2,4,0.7983732249594233,0.7980271763846486,2307.1131718403844,0.0
24,4,4,16,-2,6,0.7983732249594233,0.7980271763846486,2307.1131718403844,0.0
25,4,4,18,-2,2,0.7983575615119717,0.7980114860542908,2306.888696649909,0.0
26,4,4,18,-2,4,0.7983575615119717,0.7980114860542908,2306.888696649909,0.0
27,4,4,18,-2,6,0.7983575615119717,0.7980114860542908,2306.888696649909,0.0
28,4,4,20,-2,2,0.7983545061927971,0.7980084254913244,2306.8449144819747,0.0
29,4,4,20,-2,4,0.7983545061927971,0.7980084254913244,2306.8449144819747,0.0
30,4,4,20,-2,6,0.7983545061927971,0.7980084254913244,2306.8449144819747,0.0
31,4,4,22,-2,2,0.798352186095656,0.7980061014122403,2306.8116687982906,0.0
32,4,4,22,-2,4,0.798352186095656,0.7980061014122403,2306.8116687982906,0.0
33,4,4,22,-2,6,0.798352186095656,0.7980061014122403,2306.8116687982906,0.0
34,4,4,24,-2,2,0.7983547804000724,0.7980087001692169,2306.8488437681485,0.0
35,4,4,24,-2,4,0.7983547804000724,0.7980087001692169,2306.8488437681485,0.0
36,4,4,24,-2,6,0.7983547804000724,0.7980087001692169,2306.8488437681485,0.0
37,4,4,26,-2,2,0.7983642588947819,0.7980181949317042,2306.984673569146,0.0
38,4,4,26,-2,4,0.7983642588947819,0.7980181949317042,2306.984673569146,0.0
39,4,4,26,-2,6,0.7983642588947819,0.7980181949317042,2306.984673569146,0.0
40,4,4,28,-2,2,0.7983740236856705,0.7980279764817358,2307.124619439379,0.0
41,4,4,28,-2,4,0.7983740236856705,0.7980279764817358,2307.124619439379,0.0
42,4,4,28,-2,6,0.7983740236856705,0.7980279764817358,2307.124619439379,0.0
43,4,4,30,-2,2,0.7983936386008607,0.7980476250616685,2307.4057751174264,0.0
44,4,4,30,-2,4,0.7983936386008607,0.7980476250616685,2307.4057751174264,0.0
45,4,4,30,-2,6,0.7983936386008607,0.7980476250616685,2307.4057751174264,0.0
46,4,6,2,-2,2,0.8065380589876607,0.806206023577448,2429.072424747738,0.0
47,4,6,2,-2,4,0.8065380589876607,0.806206023577448,2429.072424747738,0.0
48,4,6,2,-2,6,0.8065380589876607,0.806206023577448,2429.072424747738,0.0
49,4,6,4,-2,2,0.8066640467142032,0.806332227534564,2431.0350221203116,0.0
50,4,6,4,-2,4,0.8066640467142032,0.806332227534564,2431.0350221203116,0.0
51,4,6,4,-2,6,0.8066640467142032,0.806332227534564,2431.0350221203116,0.0
52,4,6,6,-2,2,0.8067559590946727,0.8064242976626752,2432.4684188804595,0.0
53,4,6,6,-2,4,0.8067559590946727,0.8064242976626752,2432.4684188804595,0.0
54,4,6,6,-2,6,0.8067559590946727,0.8064242976626752,2432.4684188804595,0.0
55,4,6,8,-2,2,0.8067852723777248,0.806453661255612,2432.9258537456894,0.0
56,4,6,8,-2,4,0.8067852723777248,0.806453661255612,2432.9258537456894,0.0
57,4,6,8,-2,6,0.8067852723777248,0.806453661255612,2432.9258537456894,0.0
58,4,6,10,-2,2,0.8067898651866914,0.8064582619471379,2432.9975372767344,0.0
59,4,6,10,-2,4,0.8067898651866914,0.8064582619471379,2432.9975372767344,0.0
60,4,6,10,-2,6,0.8067898651866914,0.8064582619471379,2432.9975372767344,0.0
61,4,6,12,-2,2,0.806784641398826,0.806453029193775,2432.9160058349803,0.0
62,4,6,12,-2,4,0.806784641398826,0.806453029193775,2432.9160058349803,0.0
63,4,6,12,-2,6,0.806784641398826,0.806453029193775,2432.9160058349803,0.0
64,4,6,14,-2,2,0.8067791562484957,0.8064475346293754,2432.83039986471,0.0
65,4,6,14,-2,4,0.8067791562484957,0.8064475346293754,2432.83039986471,0.0
66,4,6,14,-2,6,0.8067791562484957,0.8064475346293754,2432.83039986471,0.0
67,4,6,16,-2,2,0.8067650097320417,0.8064333638334978,2432.609639601071,0.0
68,4,6,16,-2,4,0.8067650097320417,0.8064333638334978,2432.609639601071,0.0
69,4,6,16,-2,6,0.8067650097320417,0.8064333638334978,2432.609639601071,0.0
70,4,6,18,-2,2,0.8067567151257025,0.806425054991268,2432.4802150291384,0.0
71,4,6,18,-2,4,0.8067567151257025,0.806425054991268,2432.4802150291384,0.0
72,4,6,18,-2,6,0.8067567151257025,0.806425054991268,2432.4802150291384,0.0
73,4,6,20,-2,2,0.8067568742030213,0.8064252143416086,2432.482697081485,0.0
74,4,6,20,-2,4,0.8067568742030213,0.8064252143416086,2432.482697081485,0.0
75,4,6,20,-2,6,0.8067568742030213,0.8064252143416086,2432.482697081485,0.0
76,4,6,22,-2,2,0.8067602150253608,0.8064285608977441,2432.534824224234,0.0
77,4,6,22,-2,4,0.8067602150253608,0.8064285608977441,2432.534824224234,0.0
78,4,6,22,-2,6,0.8067602150253608,0.8064285608977441,2432.534824224234,0.0
79,4,6,24,-2,2,0.8067658452208073,0.8064342007561984,2432.6226767339476,0.0
80,4,6,24,-2,4,0.8067658452208073,0.8064342007561984,2432.6226767339476,0.0
81,4,6,24,-2,6,0.8067658452208073,0.8064342007561984,2432.6226767339476,0.0
82,4,6,26,-2,2,0.8067768423149193,0.8064452167244345,2432.794288086248,0.0
83,4,6,26,-2,4,0.8067768423149193,0.8064452167244345,2432.794288086248,0.0
84,4,6,26,-2,6,0.8067768423149193,0.8064452167244345,2432.794288086248,0.0
85,4,6,28,-2,2,0.8067860768861841,0.8064544671448355,2432.9384100868774,0.0
86,4,6,28,-2,4,0.8067860768861841,0.8064544671448355,2432.9384100868774,0.0
87,4,6,28,-2,6,0.8067860768861841,0.8064544671448355,2432.9384100868774,0.0
88,4,6,30,-2,2,0.8068037232866925,0.8064721438315583,2433.2138520465737,0.0
89,4,6,30,-2,4,0.8068037232866925,0.8064721438315583,2433.2138520465737,0.0
90,4,6,30,-2,6,0.8068037232866925,0.8064721438315583,2433.2138520465737,0.0
91,4,8,2,-2,2,0.8136613698827033,0.813341560088768,2544.204040378008,0.0
92,4,8,2,-2,4,0.8136613698827033,0.813341560088768,2544.204040378008,0.0
93,4,8,2,-2,6,0.8136613698827033,0.813341560088768,2544.204040378008,0.0
94,4,8,4,-2,2,0.813804876514971,0.8134853130190066,2546.614011900524,0.0
95,4,8,4,-2,4,0.813804876514971,0.8134853130190066,2546.614011900524,0.0
96,4,8,4,-2,6,0.813804876514971,0.8134853130190066,2546.614011900524,0.0
97,4,8,6,-2,2,0.8139398831746429,0.8136205513882923,2548.8846333660645,0.0
98,4,8,6,-2,4,0.8139398831746429,0.8136205513882923,2548.8846333660645,0.0
99,4,8,6,-2,6,0.8139398831746429,0.8136205513882923,2548.8846333660645,0.0
100,4,8,8,-2,2,0.8139970444804063,0.813677810799024,2549.8469990876756,0.0
101,4,8,8,-2,4,0.8139970444804063,0.813677810799024,2549.8469990876756,0.0
102,4,8,8,-2,6,0.8139970444804063,0.813677810799024,2549.8469990876756,0.0
103,4,8,10,-2,2,0.8140093176089862,0.813690104991764,2550.053706185788,0.0
104,4,8,10,-2,4,0.8140093176089862,0.813690104991764,2550.053706185788,0.0
105,4,8,10,-2,6,0.8140093176089862,0.813690104991764,2550.053706185788,0.0
106,4,8,12,-2,2,0.8140119073528911,0.8136926991804019,2550.0973267852855,0.0
107,4,8,12,-2,4,0.8140119073528911,0.8136926991804019,2550.0973267852855,0.0
108,4,8,12,-2,6,0.8140119073528911,0.8136926991804019,2550.0973267852855,0.0
109,4,8,14,-2,2,0.8140180515713233,0.8136988539440508,2550.2008223769785,0.0
110,4,8,14,-2,4,0.8140180515713233,0.8136988539440508,2550.2008223769785,0.0
111,4,8,14,-2,6,0.8140180515713233,0.8136988539440508,2550.2008223769785,0.0
112,4,8,16,-2,2,0.8140138641133238,0.8136946592991889,2550.130286472736,0.0
113,4,8,16,-2,4,0.8140138641133238,0.8136946592991889,2550.130286472736,0.0
114,4,8,16,-2,6,0.8140138641133238,0.8136946592991889,2550.130286472736,0.0
115,4,8,18,-2,2,0.8140130155706018,0.8136938093001276,2550.1159935275764,0.0
116,4,8,18,-2,4,0.8140130155706018,0.8136938093001276,2550.1159935275764,0.0
117,4,8,18,-2,6,0.8140130155706018,0.8136938093001276,2550.1159935275764,0.0
118,4,8,20,-2,2,0.8140158911384785,0.8136966898032921,2550.1644304310425,0.0
119,4,8,20,-2,4,0.8140158911384785,0.8136966898032921,2550.1644304310425,0.0
120,4,8,20,-2,6,0.8140158911384785,0.8136966898032921,2550.1644304310425,0.0
121,4,8,22,-2,2,0.814021509623869,0.8137023179315926,2550.2590741589893,0.0
122,4,8,22,-2,4,0.814021509623869,0.8137023179315926,2550.2590741589893,0.0
123,4,8,22,-2,6,0.814021509623869,0.8137023179315926,2550.2590741589893,0.0
124,4,8,24,-2,2,0.8140315245341456,0.813712350030288,2550.4277901132714,0.0
125,4,8,24,-2,4,0.8140315245341456,0.813712350030288,2550.4277901132714,0.0
126,4,8,24,-2,6,0.8140315245341456,0.813712350030288,2550.4277901132714,0.0
127,4,8,26,-2,2,0.8140445058889411,0.81372535366476,2550.646507250918,0.0
128,4,8,26,-2,4,0.8140445058889411,0.81372535366476,2550.646507250918,0.0
129,4,8,26,-2,6,0.8140445058889411,0.81372535366476,2550.646507250918,0.0
130,4,8,28,-2,2,0.8140519344640885,0.8137327949894435,2550.77168178426,0.0
131,4,8,28,-2,4,0.8140519344640885,0.8137327949894435,2550.77168178426,0.0
132,4,8,28,-2,6,0.8140519344640885,0.8137327949894435,2550.77168178426,0.0
133,4,8,30,-2,2,0.8140663793172693,0.813747264634078,2551.015112109768,0.0
134,4,8,30,-2,4,0.8140663793172693,0.813747264634078,2551.015112109768,0.0
135,4,8,30,-2,6,0.8140663793172693,0.813747264634078,2551.015112109768,0.0
136,4,10,2,-2,2,0.8204195092110128,0.8201112982956601,2661.876878280025,0.0
137,4,10,2,-2,4,0.8204195092110128,0.8201112982956601,2661.876878280025,0.0
138,4,10,2,-2,6,0.8204195092110128,0.8201112982956601,2661.876878280025,0.0
139,4,10,4,-2,2,0.8205821389041243,0.8202742071073237,2664.8178181982116,0.0
140,4,10,4,-2,4,0.8205821389041243,0.8202742071073237,2664.8178181982116,0.0
141,4,10,4,-2,6,0.8205821389041243,0.8202742071073237,2664.8178181982116,0.0
142,4,10,6,-2,2,0.8207468282083149,0.8204391790649416,2667.8014416320534,0.0
143,4,10,6,-2,4,0.8207468282083149,0.8204391790649416,2667.8014416320534,0.0
144,4,10,6,-2,6,0.8207468282083149,0.8204391790649416,2667.8014416320534,0.0
145,4,10,8,-2,2,0.8208302526996486,0.8205227467362984,2669.314909398856,0.0
146,4,10,8,-2,4,0.8208302526996486,0.8205227467362984,2669.314909398856,0.0
147,4,10,8,-2,6,0.8208302526996486,0.8205227467362984,2669.314909398856,0.0
148,4,10,10,-2,2,0.8208635893548932,0.8205561406066726,2669.920089463547,0.0
149,4,10,10,-2,4,0.8208635893548932,0.8205561406066726,2669.920089463547,0.0
150,4,10,10,-2,6,0.8208635893548932,0.8205561406066726,2669.920089463547,0.0
151,4,10,12,-2,2,0.820874330433272,0.8205669001197798,2670.1151266079746,0.0
152,4,10,12,-2,4,0.820874330433272,0.8205669001197798,2670.1151266079746,0.0
153,4,10,12,-2,6,0.820874330433272,0.8205669001197798,2670.1151266079746,0.0
154,4,10,14,-2,2,0.8208861938934857,0.8205787839410468,2670.330571215111,0.0
155,4,10,14,-2,4,0.8208861938934857,0.8205787839410468,2670.330571215111,0.0
156,4,10,14,-2,6,0.8208861938934857,0.8205787839410468,2670.330571215111,0.0
157,4,10,16,-2,2,0.8208891229813401,0.8205817180560444,2670.3837688732,0.0
158,4,10,16,-2,4,0.8208891229813401,0.8205817180560444,2670.3837688732,0.0
159,4,10,16,-2,6,0.8208891229813401,0.8205817180560444,2670.3837688732,0.0
160,4,10,18,-2,2,0.8208936920010474,0.8205862949174819,2670.4667542037173,0.0
161,4,10,18,-2,4,0.8208936920010474,0.8205862949174819,2670.4667542037173,0.0
162,4,10,18,-2,6,0.8208936920010474,0.8205862949174819,2670.4667542037173,0.0
163,4,10,20,-2,2,0.8208999498011474,0.8205925634577369,2670.5804190674144,0.0
164,4,10,20,-2,4,0.8208999498011474,0.8205925634577369,2670.5804190674144,0.0
165,4,10,20,-2,6,0.8208999498011474,0.8205925634577369,2670.5804190674144,0.0
166,4,10,22,-2,2,0.8209080074993029,0.8206006349851814,2670.72678845561,0.0
167,4,10,22,-2,4,0.8209080074993029,0.8206006349851814,2670.72678845561,0.0
168,4,10,22,-2,6,0.8209080074993029,0.8206006349851814,2670.72678845561,0.0
169,4,10,24,-2,2,0.8209200254536102,0.8206126735656974,2670.9451210096236,0.0
170,4,10,24,-2,4,0.8209200254536102,0.8206126735656974,2670.9451210096236,0.0
171,4,10,24,-2,6,0.8209200254536102,0.8206126735656974,2670.9451210096236,0.0
172,4,10,26,-2,2,0.8209359290964362,0.8206286045036728,2671.234090688091,0.0
173,4,10,26,-2,4,0.8209359290964362,0.8206286045036728,2671.234090688091,0.0
174,4,10,26,-2,6,0.8209359290964362,0.8206286045036728,2671.234090688091,0.0
175,4,10,28,-2,2,0.8209435820464597,0.8206362705883231,2671.3731633189345,0.0
176,4,10,28,-2,4,0.8209435820464597,0.8206362705883231,2671.3731633189345,0.0
177,4,10,28,-2,6,0.8209435820464597,0.8206362705883231,2671.3731633189345,0.0
178,4,10,30,-2,2,0.820955930909432,0.8206486406454371,2671.597597127258,0.0
179,4,10,30,-2,4,0.820955930909432,0.8206486406454371,2671.597597127258,0.0
180,4,10,30,-2,6,0.820955930909432,0.8206486406454371,2671.597597127258,0.0
181,6,4,2,-2,2,0.7994770741664208,0.7991329201091018,2323.020917998995,0.0
182,6,4,2,-2,4,0.7994770741664208,0.7991329201091018,2323.020917998995,0.0
183,6,4,2,-2,6,0.7994770741664208,0.7991329201091018,2323.020917998995,0.0
184,6,4,4,-2,2,0.7995592107146017,0.7992151976268311,2324.2116045531297,0.0
185,6,4,4,-2,4,0.7995592107146017,0.7992151976268311,2324.2116045531297,0.0
186,6,4,4,-2,6,0.7995592107146017,0.7992151976268311,2324.2116045531297,0.0
187,6,4,6,-2,2,0.7995695311700394,0.7992255357950894,2324.361283305764,0.0
188,6,4,6,-2,4,0.7995695311700394,0.7992255357950894,2324.361283305764,0.0
189,6,4,6,-2,6,0.7995695311700394,0.7992255357950894,2324.361283305764,0.0
190,6,4,8,-2,2,0.7995657845395499,0.7992217827343222,2324.306943710539,0.0
191,6,4,8,-2,4,0.7995657845395499,0.7992217827343222,2324.306943710539,0.0
192,6,4,8,-2,6,0.7995657845395499,0.7992217827343222,2324.306943710539,0.0
193,6,4,10,-2,2,0.7995463473342995,0.79920231216933,2324.025067045443,0.0
194,6,4,10,-2,4,0.7995463473342995,0.79920231216933,2324.025067045443,0.0
195,6,4,10,-2,6,0.7995463473342995,0.79920231216933,2324.025067045443,0.0
196,6,4,12,-2,2,0.799514031503844,0.7991699408757691,2323.556546648477,0.0
197,6,4,12,-2,4,0.799514031503844,0.7991699408757691,2323.556546648477,0.0
198,6,4,12,-2,6,0.799514031503844,0.7991699408757691,2323.556546648477,0.0
199,6,4,14,-2,2,0.7994837801143796,0.799139637566364,2323.118093721011,0.0
200,6,4,14,-2,4,0.7994837801143796,0.799139637566364,2323.118093721011,0.0
201,6,4,14,-2,6,0.7994837801143796,0.799139637566364,2323.118093721011,0.0
202,6,4,16,-2,2,0.7994476912902231,0.7991034868035778,2322.595208103346,0.0
203,6,4,16,-2,4,0.7994476912902231,0.7991034868035778,2322.595208103346,0.0
204,6,4,16,-2,6,0.7994476912902231,0.7991034868035778,2322.595208103346,0.0
205,6,4,18,-2,2,0.7994228102856068,0.7990785630961201,2322.2348205007847,0.0
206,6,4,18,-2,4,0.7994228102856068,0.7990785630961201,2322.2348205007847,0.0
207,6,4,18,-2,6,0.7994228102856068,0.7990785630961201,2322.2348205007847,0.0
208,6,4,20,-2,2,0.7994120430811142,0.7990677774120591,2322.078891210153,0.0
209,6,4,20,-2,4,0.7994120430811142,0.7990677774120591,2322.078891210153,0.0
210,6,4,20,-2,6,0.7994120430811142,0.7990677774120591,2322.078891210153,0.0
211,6,4,22,-2,2,0.7994028416889123,0.7990585602276656,2321.945651079445,0.0
212,6,4,22,-2,4,0.7994028416889123,0.7990585602276656,2321.945651079445,0.0
213,6,4,22,-2,6,0.7994028416889123,0.7990585602276656,2321.945651079445,0.0
214,6,4,24,-2,2,0.7994013924252216,0.7990571084766285,2321.9246662298897,0.0
215,6,4,24,-2,4,0.7994013924252216,0.7990571084766285,2321.9246662298897,0.0
216,6,4,24,-2,6,0.7994013924252216,0.7990571084766285,2321.9246662298897,0.0
217,6,4,26,-2,2,0.7994077207314837,0.7990634476440541,2322.0163001994583,0.0
218,6,4,26,-2,4,0.7994077207314837,0.7990634476440541,2322.0163001994583,0.0
219,6,4,26,-2,6,0.7994077207314837,0.7990634476440541,2322.0163001994583,0.0
220,6,4,28,-2,2,0.7994145775642241,0.7990703162450589,2322.115593766822,0.0
221,6,4,28,-2,4,0.7994145775642241,0.7990703162450589,2322.115593766822,0.0
222,6,4,28,-2,6,0.7994145775642241,0.7990703162450589,2322.115593766822,0.0
223,6,4,30,-2,2,0.799430200818405,0.7990859663131629,2322.3418589493535,0.0
224,6,4,30,-2,4,0.799430200818405,0.7990859663131629,2322.3418589493535,0.0
225,6,4,30,-2,6,0.799430200818405,0.7990859663131629,2322.3418589493535,0.0
226,6,6,2,-2,2,0.8076551247267977,0.807325006517348,2446.563387318325,0.0
227,6,6,2,-2,4,0.8076551247267977,0.807325006517348,2446.563387318325,0.0
228,6,6,2,-2,6,0.8076551247267977,0.807325006517348,2446.563387318325,0.0
229,6,6,4,-2,2,0.8077688707732565,0.8074389477841949,2448.355821067745,0.0
230,6,6,4,-2,4,0.8077688707732565,0.8074389477841949,2448.355821067745,0.0
231,6,6,4,-2,6,0.8077688707732565,0.8074389477841949,2448.355821067745,0.0
232,6,6,6,-2,2,0.8078392863734521,0.807509484237477,2449.4665081074095,0.0
233,6,6,6,-2,4,0.8078392863734521,0.807509484237477,2449.4665081074095,0.0
234,6,6,6,-2,6,0.8078392863734521,0.807509484237477,2449.4665081074095,0.0
235,6,6,8,-2,2,0.8078514291850561,0.8075216478895803,2449.6581227239426,0.0
236,6,6,8,-2,4,0.8078514291850561,0.8075216478895803,2449.6581227239426,0.0
237,6,6,8,-2,6,0.8078514291850561,0.8075216478895803,2449.6581227239426,0.0
238,6,6,10,-2,2,0.8078421661141377,0.8075123689206121,2449.5119484737224,0.0
239,6,6,10,-2,4,0.8078421661141377,0.8075123689206121,2449.5119484737224,0.0
240,6,6,10,-2,6,0.8078421661141377,0.8075123689206121,2449.5119484737224,0.0
241,6,6,12,-2,2,0.8078247918669261,0.8074949648542781,2449.2378152451743,0.0
242,6,6,12,-2,4,0.8078247918669261,0.8074949648542781,2449.2378152451743,0.0
243,6,6,12,-2,6,0.8078247918669261,0.8074949648542781,2449.2378152451743,0.0
244,6,6,14,-2,2,0.8078102560354941,0.8074804040752479,2449.008505005378,0.0
245,6,6,14,-2,4,0.8078102560354941,0.8074804040752479,2449.008505005378,0.0
246,6,6,14,-2,6,0.8078102560354941,0.8074804040752479,2449.008505005378,0.0
247,6,6,16,-2,2,0.8077872950919505,0.8074574037242308,2448.6463549374193,0.0
248,6,6,16,-2,4,0.8077872950919505,0.8074574037242308,2448.6463549374193,0.0
249,6,6,16,-2,6,0.8077872950919505,0.8074574037242308,2448.6463549374193,0.0
250,6,6,18,-2,2,0.8077707756830319,0.8074408559633341,2448.385857090088,0.0
251,6,6,18,-2,4,0.8077707756830319,0.8074408559633341,2448.385857090088,0.0
252,6,6,18,-2,6,0.8077707756830319,0.8074408559633341,2448.385857090088,0.0
253,6,6,20,-2,2,0.8077643694452104,0.8074344387305966,2448.284847898351,0.0
254,6,6,20,-2,4,0.8077643694452104,0.8074344387305966,2448.284847898351,0.0
255,6,6,20,-2,6,0.8077643694452104,0.8074344387305966,2448.284847898351,0.0
256,6,6,22,-2,2,0.8077618969446856,0.8074319619865615,2448.2458649957857,0.0
257,6,6,22,-2,4,0.8077618969446856,0.8074319619865615,2448.2458649957857,0.0
258,6,6,22,-2,6,0.8077618969446856,0.8074319619865615,2448.2458649957857,0.0
259,6,6,24,-2,2,0.8077646176485926,0.807434687359966,2448.288761274751,0.0
260,6,6,24,-2,4,0.8077646176485926,0.807434687359966,2448.288761274751,0.0
261,6,6,24,-2,6,0.8077646176485926,0.807434687359966,2448.288761274751,0.0
262,6,6,26,-2,2,0.8077735462911211,0.8074436313265705,2448.429544235617,0.0
263,6,6,26,-2,4,0.8077735462911211,0.8074436313265705,2448.429544235617,0.0
264,6,6,26,-2,6,0.8077735462911211,0.8074436313265705,2448.429544235617,0.0
265,6,6,28,-2,2,0.8077809742879075,0.8074510720719004,2448.5466756319197,0.0
266,6,6,28,-2,4,0.8077809742879075,0.8074510720719004,2448.5466756319197,0.0
267,6,6,28,-2,6,0.8077809742879075,0.8074510720719004,2448.5466756319197,0.0
268,6,6,30,-2,2,0.8077956281434588,0.8074657510776126,2448.7777774763354,0.0
269,6,6,30,-2,4,0.8077956281434588,0.8074657510776126,2448.7777774763354,0.0
270,6,6,30,-2,6,0.8077956281434588,0.8074657510776126,2448.7777774763354,0.0
271,6,8,2,-2,2,0.8147946899843482,0.8144768252882595,2563.3381121280318,0.0
272,6,8,2,-2,4,0.8147946899843482,0.8144768252882595,2563.3381121280318,0.0
273,6,8,2,-2,6,0.8147946899843482,0.8144768252882595,2563.3381121280318,0.0
274,6,8,4,-2,2,0.8149259564491584,0.8146083170434512,2565.5694533067117,0.0
275,6,8,4,-2,4,0.8149259564491584,0.8146083170434512,2565.5694533067117,0.0
276,6,8,4,-2,6,0.8149259564491584,0.8146083170434512,2565.5694533067117,0.0
277,6,8,6,-2,2,0.815039217515932,0.8147217724982505,2567.4972739168584,0.0
278,6,8,6,-2,4,0.815039217515932,0.8147217724982505,2567.4972739168584,0.0
279,6,8,6,-2,6,0.815039217515932,0.8147217724982505,2567.4972739168584,0.0
280,6,8,8,-2,2,0.8150800859201865,0.814762711044246,2568.193476262929,0.0
281,6,8,8,-2,4,0.8150800859201865,0.814762711044246,2568.193476262929,0.0
282,6,8,8,-2,6,0.8150800859201865,0.814762711044246,2568.193476262929,0.0
283,6,8,10,-2,2,0.8150796688011795,0.8147622932093448,2568.1863689936,0.0
284,6,8,10,-2,4,0.8150796688011795,0.8147622932093448,2568.1863689936,0.0
285,6,8,10,-2,6,0.8150796688011795,0.8147622932093448,2568.1863689936,0.0
286,6,8,12,-2,2,0.8150708885155159,0.8147534978542276,2568.036769597986,0.0
287,6,8,12,-2,4,0.8150708885155159,0.8147534978542276,2568.036769597986,0.0
288,6,8,12,-2,6,0.8150708885155159,0.8147534978542276,2568.036769597986,0.0
289,6,8,14,-2,2,0.815068497588651,0.8147511028238559,2567.996035204927,0.0
290,6,8,14,-2,4,0.815068497588651,0.8147511028238559,2567.996035204927,0.0
291,6,8,14,-2,6,0.815068497588651,0.8147511028238559,2567.996035204927,0.0
292,6,8,16,-2,2,0.8150560633411102,0.8147386472356294,2567.7842090161803,0.0
293,6,8,16,-2,4,0.8150560633411102,0.8147386472356294,2567.7842090161803,0.0
294,6,8,16,-2,6,0.8150560633411102,0.8147386472356294,2567.7842090161803,0.0
295,6,8,18,-2,2,0.8150475690258157,0.8147301383416872,2567.6395187303833,0.0
296,6,8,18,-2,4,0.8150475690258157,0.8147301383416872,2567.6395187303833,0.0
297,6,8,18,-2,6,0.8150475690258157,0.8147301383416872,2567.6395187303833,0.0
298,6,8,20,-2,2,0.8150445872408558,0.814727151439141,2567.588730817126,0.0
299,6,8,20,-2,4,0.8150445872408558,0.814727151439141,2567.588730817126,0.0
300,6,8,20,-2,6,0.8150445872408558,0.814727151439141,2567.588730817126,0.0
301,6,8,22,-2,2,0.8150452286922543,0.8147277939914515,2567.5996563420003,0.0
302,6,8,22,-2,4,0.8150452286922543,0.8147277939914515,2567.5996563420003,0.0
303,6,8,22,-2,6,0.8150452286922543,0.8147277939914515,2567.5996563420003,0.0
304,6,8,24,-2,2,0.8150530857251561,0.8147356645092441,2567.7334874524577,0.0
305,6,8,24,-2,4,0.8150530857251561,0.8147356645092441,2567.7334874524577,0.0
306,6,8,24,-2,6,0.8150530857251561,0.8147356645092441,2567.7334874524577,0.0
307,6,8,26,-2,2,0.8150646886746946,0.8147472873727258,2567.931144639235,0.0
308,6,8,26,-2,4,0.8150646886746946,0.8147472873727258,2567.931144639235,0.0
309,6,8,26,-2,6,0.8150646886746946,0.8147472873727258,2567.931144639235,0.0
310,6,8,28,-2,2,0.8150710875401695,0.8147536972204639,2568.0401604428216,0.0
311,6,8,28,-2,4,0.8150710875401695,0.8147536972204639,2568.0401604428216,0.0
312,6,8,28,-2,6,0.8150710875401695,0.8147536972204639,2568.0401604428216,0.0
313,6,8,30,-2,2,0.8150832683330006,0.8147658989189805,2568.2477022868748,0.0
314,6,8,30,-2,4,0.8150832683330006,0.8147658989189805,2568.2477022868748,0.0
315,6,8,30,-2,6,0.8150832683330006,0.8147658989189805,2568.2477022868748,0.0
316,6,10,2,-2,2,0.8215615280171116,0.8212552771290426,2682.6421082313254,0.0
317,6,10,2,-2,4,0.8215615280171116,0.8212552771290426,2682.6421082313254,0.0
318,6,10,2,-2,6,0.8215615280171116,0.8212552771290426,2682.6421082313254,0.0
319,6,10,4,-2,2,0.8217111716970872,0.8214051776398987,2685.3827791534504,0.0
320,6,10,4,-2,4,0.8217111716970872,0.8214051776398987,2685.3827791534504,0.0
321,6,10,4,-2,6,0.8217111716970872,0.8214051776398987,2685.3827791534504,0.0
322,6,10,6,-2,2,0.8218537038548043,0.8215479544231128,2687.9974863994357,0.0
323,6,10,6,-2,4,0.8218537038548043,0.8215479544231128,2687.9974863994357,0.0
324,6,10,6,-2,6,0.8218537038548043,0.8215479544231128,2687.9974863994357,0.0
325,6,10,8,-2,2,0.8219212877388855,0.8216156543002547,2689.2387541791945,0.0
326,6,10,8,-2,4,0.8219212877388855,0.8216156543002547,2689.2387541791945,0.0
327,6,10,8,-2,6,0.8219212877388855,0.8216156543002547,2689.2387541791945,0.0
328,6,10,10,-2,2,0.821942739870895,0.8216371432501903,2689.6329480858844,0.0
329,6,10,10,-2,4,0.821942739870895,0.8216371432501903,2689.6329480858844,0.0
330,6,10,10,-2,6,0.821942739870895,0.8216371432501903,2689.6329480858844,0.0
331,6,10,12,-2,2,0.821942851312432,0.8216372548829927,2689.634996129172,0.0
332,6,10,12,-2,4,0.821942851312432,0.8216372548829927,2689.634996129172,0.0
333,6,10,12,-2,6,0.821942851312432,0.8216372548829927,2689.634996129172,0.0
334,6,10,14,-2,2,0.8219467699479105,0.8216411802439579,2689.707013412372,0.0
335,6,10,14,-2,4,0.8219467699479105,0.8216411802439579,2689.707013412372,0.0
336,6,10,14,-2,6,0.8219467699479105,0.8216411802439579,2689.707013412372,0.0
337,6,10,16,-2,2,0.8219419487414557,0.8216363507629492,2689.61840899062,0.0
338,6,10,16,-2,4,0.8219419487414557,0.8216363507629492,2689.61840899062,0.0
339,6,10,16,-2,6,0.8219419487414557,0.8216363507629492,2689.61840899062,0.0
340,6,10,18,-2,2,0.8219393314348267,0.8216337289642817,2689.5703099816433,0.0
341,6,10,18,-2,4,0.8219393314348267,0.8216337289642817,2689.5703099816433,0.0
342,6,10,18,-2,6,0.8219393314348267,0.8216337289642817,2689.5703099816433,0.0
343,6,10,20,-2,2,0.8219401933354257,0.8216345923441459,2689.5861492247377,0.0
344,6,10,20,-2,4,0.8219401933354257,0.8216345923441459,2689.5861492247377,0.0
345,6,10,20,-2,6,0.8219401933354257,0.8216345923441459,2689.5861492247377,0.0
346,6,10,22,-2,2,0.8219438014534461,0.8216382066547174,2689.652457675181,0.0
347,6,10,22,-2,4,0.8219438014534461,0.8216382066547174,2689.652457675181,0.0
348,6,10,22,-2,6,0.8219438014534461,0.8216382066547174,2689.652457675181,0.0
349,6,10,24,-2,2,0.8219541943382427,0.8216486173766439,2689.8434686881956,0.0
350,6,10,24,-2,4,0.8219541943382427,0.8216486173766439,2689.8434686881956,0.0
351,6,10,24,-2,6,0.8219541943382427,0.8216486173766439,2689.8434686881956,0.0
352,6,10,26,-2,2,0.8219691115436041,0.8216635601841489,2690.117671245657,0.0
353,6,10,26,-2,4,0.8219691115436041,0.8216635601841489,2690.117671245657,0.0
354,6,10,26,-2,6,0.8219691115436041,0.8216635601841489,2690.117671245657,0.0
355,6,10,28,-2,2,0.8219761780649756,0.8216706388336698,2690.2475814709405,0.0
356,6,10,28,-2,4,0.8219761780649756,0.8216706388336698,2690.2475814709405,0.0
357,6,10,28,-2,6,0.8219761780649756,0.8216706388336698,2690.2475814709405,0.0
358,6,10,30,-2,2,0.8219867331282069,0.8216812120123751,2690.4416439108195,0.0
359,6,10,30,-2,4,0.8219867331282069,0.8216812120123751,2690.4416439108195,0.0
360,6,10,30,-2,6,0.8219867331282069,0.8216812120123751,2690.4416439108195,0.0
361,8,4,2,-2,2,0.8003957103206955,0.8000531329028473,2336.3936693441997,0.0
362,8,4,2,-2,4,0.8003957103206955,0.8000531329028473,2336.3936693441997,0.0
363,8,4,2,-2,6,0.8003957103206955,0.8000531329028473,2336.3936693441997,0.0
364,8,4,4,-2,2,0.8004683743278143,0.8001259216219548,2337.4567075445125,0.0
365,8,4,4,-2,4,0.8004683743278143,0.8001259216219548,2337.4567075445125,0.0
366,8,4,4,-2,6,0.8004683743278143,0.8001259216219548,2337.4567075445125,0.0
367,8,4,6,-2,2,0.8004658649540278,0.8001234079413733,2337.4199837497104,0.0
368,8,4,6,-2,4,0.8004658649540278,0.8001234079413733,2337.4199837497104,0.0
369,8,4,6,-2,6,0.8004658649540278,0.8001234079413733,2337.4199837497104,0.0
370,8,4,8,-2,2,0.8004487156108182,0.8001062291650402,2337.1690339226907,0.0
371,8,4,8,-2,4,0.8004487156108182,0.8001062291650402,2337.1690339226907,0.0
372,8,4,8,-2,6,0.8004487156108182,0.8001062291650402,2337.1690339226907,0.0
373,8,4,10,-2,2,0.8004149402961968,0.8000723958824256,2336.6749189815264,0.0
374,8,4,10,-2,4,0.8004149402961968,0.8000723958824256,2336.6749189815264,0.0
375,8,4,10,-2,6,0.8004149402961968,0.8000723958824256,2336.6749189815264,0.0
376,8,4,12,-2,2,0.8003698229754154,0.8000272011275606,2336.015137349929,0.0
377,8,4,12,-2,4,0.8003698229754154,0.8000272011275606,2336.015137349929,0.0
378,8,4,12,-2,6,0.8003698229754154,0.8000272011275606,2336.015137349929,0.0
379,8,4,14,-2,2,0.8003276938314663,0.7999849996780846,2335.3993230812093,0.0
380,8,4,14,-2,4,0.8003276938314663,0.7999849996780846,2335.3993230812093,0.0
381,8,4,14,-2,6,0.8003276938314663,0.7999849996780846,2335.3993230812093,0.0
382,8,4,16,-2,2,0.8002817876638786,0.799939014722529,2334.72859471672,0.0
383,8,4,16,-2,4,0.8002817876638786,0.799939014722529,2334.72859471672,0.0
384,8,4,16,-2,6,0.8002817876638786,0.799939014722529,2334.72859471672,0.0
385,8,4,18,-2,2,0.8002486126550272,0.7999057827759792,2334.244071366046,0.0
386,8,4,18,-2,4,0.8002486126550272,0.7999057827759792,2334.244071366046,0.0
387,8,4,18,-2,6,0.8002486126550272,0.7999057827759792,2334.244071366046,0.0
388,8,4,20,-2,2,0.8002301021460816,0.7998872404977646,2333.9737940193586,0.0
389,8,4,20,-2,4,0.8002301021460816,0.7998872404977646,2333.9737940193586,0.0
390,8,4,20,-2,6,0.8002301021460816,0.7998872404977646,2333.9737940193586,0.0
391,8,4,22,-2,2,0.8002150792554614,0.799872191823615,2333.754477224276,0.0
392,8,4,22,-2,4,0.8002150792554614,0.799872191823615,2333.754477224276,0.0
393,8,4,22,-2,6,0.8002150792554614,0.799872191823615,2333.754477224276,0.0
394,8,4,24,-2,2,0.8002090188943989,0.7998661210612588,2333.666012311667,0.0
395,8,4,24,-2,4,0.8002090188943989,0.7998661210612588,2333.666012311667,0.0
396,8,4,24,-2,6,0.8002090188943989,0.7998661210612588,2333.666012311667,0.0
397,8,4,26,-2,2,0.8002125843102581,0.7998696925963801,2333.7180571090407,0.0
398,8,4,26,-2,4,0.8002125843102581,0.7998696925963801,2333.7180571090407,0.0
399,8,4,26,-2,6,0.8002125843102581,0.7998696925963801,2333.7180571090407,0.0
400,8,4,28,-2,2,0.8002174819218004,0.7998745986136091,2333.7895511529496,0.0
401,8,4,28,-2,4,0.8002174819218004,0.7998745986136091,2333.7895511529496,0.0
402,8,4,28,-2,6,0.8002174819218004,0.7998745986136091,2333.7895511529496,0.0
403,8,4,30,-2,2,0.8002310524195524,0.7998881924021735,2333.987668020142,0.0
404,8,4,30,-2,4,0.8002310524195524,0.7998881924021735,2333.987668020142,0.0
405,8,4,30,-2,6,0.8002310524195524,0.7998881924021735,2333.987668020142,0.0
406,8,6,2,-2,2,0.808510228553652,0.8081815779442296,2460.090458906143,0.0
407,8,6,2,-2,4,0.808510228553652,0.8081815779442296,2460.090458906143,0.0
408,8,6,2,-2,6,0.808510228553652,0.8081815779442296,2460.090458906143,0.0
409,8,6,4,-2,2,0.8086143778073357,0.8082859059474906,2461.7462761912843,0.0
410,8,6,4,-2,4,0.8086143778073357,0.8082859059474906,2461.7462761912843,0.0
411,8,6,4,-2,6,0.8086143778073357,0.8082859059474906,2461.7462761912843,0.0
412,8,6,6,-2,2,0.8086713403170228,0.8083429662209558,2462.6526574494906,0.0
413,8,6,6,-2,4,0.8086713403170228,0.8083429662209558,2462.6526574494906,0.0
414,8,6,6,-2,6,0.8086713403170228,0.8083429662209558,2462.6526574494906,0.0
415,8,6,8,-2,2,0.8086701606108915,0.8083417844901151,2462.6338806210024,0.0
416,8,6,8,-2,4,0.8086701606108915,0.8083417844901151,2462.6338806210024,0.0
417,8,6,8,-2,6,0.8086701606108915,0.8083417844901151,2462.6338806210024,0.0
418,8,6,10,-2,2,0.8086469697628624,0.8083185538400315,2462.2648097941315,0.0
419,8,6,10,-2,4,0.8086469697628624,0.8083185538400315,2462.2648097941315,0.0
420,8,6,10,-2,6,0.8086469697628624,0.8083185538400315,2462.2648097941315,0.0
421,8,6,12,-2,2,0.808617067531462,0.8082886002879442,2461.7890626520957,0.0
422,8,6,12,-2,4,0.808617067531462,0.8082886002879442,2461.7890626520957,0.0
423,8,6,12,-2,6,0.808617067531462,0.8082886002879442,2461.7890626520957,0.0
424,8,6,14,-2,2,0.8085907940299562,0.8082622816936785,2461.3711716038742,0.0
425,8,6,14,-2,4,0.8085907940299562,0.8082622816936785,2461.3711716038742,0.0
426,8,6,14,-2,6,0.8085907940299562,0.8082622816936785,2461.3711716038742,0.0
427,8,6,16,-2,2,0.8085580947914311,0.8082295263340115,2460.851236729167,0.0
428,8,6,16,-2,4,0.8085580947914311,0.8082295263340115,2460.851236729167,0.0
429,8,6,16,-2,6,0.8085580947914311,0.8082295263340115,2460.851236729167,0.0
430,8,6,18,-2,2,0.8085334430787144,0.8082048323119831,2460.459379104522,0.0
431,8,6,18,-2,4,0.8085334430787144,0.8082048323119831,2460.459379104522,0.0
432,8,6,18,-2,6,0.8085334430787144,0.8082048323119831,2460.459379104522,0.0
433,8,6,20,-2,2,0.8085195321876256,0.8081908975458707,2460.2382994985505,0.0
434,8,6,20,-2,4,0.8085195321876256,0.8081908975458707,2460.2382994985505,0.0
435,8,6,20,-2,6,0.8085195321876256,0.8081908975458707,2460.2382994985505,0.0
436,8,6,22,-2,2,0.8085113823669114,0.808182733737759,2460.108792943823,0.0
437,8,6,22,-2,4,0.8085113823669114,0.808182733737759,2460.108792943823,0.0
438,8,6,22,-2,6,0.8085113823669114,0.808182733737759,2460.108792943823,0.0
439,8,6,24,-2,2,0.8085097411766575,0.8081810897307584,2460.082714575313,0.0
440,8,6,24,-2,4,0.8085097411766575,0.8081810897307584,2460.082714575313,0.0
441,8,6,24,-2,6,0.8085097411766575,0.8081810897307584,2460.082714575313,0.0
442,8,6,26,-2,2,0.8085162324739695,0.8081875921689726,2460.1858633301786,0.0
443,8,6,26,-2,4,0.8085162324739695,0.8081875921689726,2460.1858633301786,0.0
444,8,6,26,-2,6,0.8085162324739695,0.8081875921689726,2460.1858633301786,0.0
445,8,6,28,-2,2,0.8085220282974674,0.808193397939743,2460.277966697394,0.0
446,8,6,28,-2,4,0.8085220282974674,0.808193397939743,2460.277966697394,0.0
447,8,6,28,-2,6,0.8085220282974674,0.808193397939743,2460.277966697394,0.0
448,8,6,30,-2,2,0.8085348873839409,0.8082062790960458,2460.4823346460603,0.0
449,8,6,30,-2,4,0.8085348873839409,0.8082062790960458,2460.4823346460603,0.0
450,8,6,30,-2,6,0.8085348873839409,0.8082062790960458,2460.4823346460603,0.0
451,8,8,2,-2,2,0.8155972215175902,0.8152807341926032,2577.0296537188688,0.0
452,8,8,2,-2,4,0.8155972215175902,0.8152807341926032,2577.0296537188688,0.0
453,8,8,2,-2,6,0.8155972215175902,0.8152807341926032,2577.0296537188688,0.0
454,8,8,4,-2,2,0.8157185321521099,0.8154022530304836,2579.109642008303,0.0
455,8,8,4,-2,4,0.8157185321521099,0.8154022530304836,2579.109642008303,0.0
456,8,8,4,-2,6,0.8157185321521099,0.8154022530304836,2579.109642008303,0.0
457,8,8,6,-2,2,0.8158178079074094,0.8155016991710589,2580.8138595780015,0.0
458,8,8,6,-2,4,0.8158178079074094,0.8155016991710589,2580.8138595780015,0.0
459,8,8,6,-2,6,0.8158178079074094,0.8155016991710589,2580.8138595780015,0.0
460,8,8,8,-2,2,0.8158456622490681,0.8155296013186462,2581.2923513195265,0.0
461,8,8,8,-2,4,0.8158456622490681,0.8155296013186462,2581.2923513195265,0.0
462,8,8,8,-2,6,0.8158456622490681,0.8155296013186462,2581.2923513195265,0.0
463,8,8,10,-2,2,0.8158322349288134,0.8155161509533121,2581.061673989891,0.0
464,8,8,10,-2,4,0.8158322349288134,0.8155161509533121,2581.061673989891,0.0
465,8,8,10,-2,6,0.8158322349288134,0.8155161509533121,2581.061673989891,0.0
466,8,8,12,-2,2,0.8158118842758948,0.815495765372917,2580.7121200001466,0.0
467,8,8,12,-2,4,0.8158118842758948,0.815495765372917,2580.7121200001466,0.0
468,8,8,12,-2,6,0.8158118842758948,0.815495765372917,2580.7121200001466,0.0
469,8,8,14,-2,2,0.8157985079728267,0.8154823661123295,2580.4824033416817,0.0
470,8,8,14,-2,4,0.8157985079728267,0.8154823661123295,2580.4824033416817,0.0
471,8,8,14,-2,6,0.8157985079728267,0.8154823661123295,2580.4824033416817,0.0
472,8,8,16,-2,2,0.8157769987000218,0.8154608199235287,2580.113085856511,0.0
473,8,8,16,-2,4,0.8157769987000218,0.8154608199235287,2580.113085856511,0.0
474,8,8,16,-2,6,0.8157769987000218,0.8154608199235287,2580.113085856511,0.0
475,8,8,18,-2,2,0.8157610237147747,0.8154448175206884,2579.838848736498,0.0
476,8,8,18,-2,4,0.8157610237147747,0.8154448175206884,2579.838848736498,0.0
477,8,8,18,-2,6,0.8157610237147747,0.8154448175206884,2579.838848736498,0.0
478,8,8,20,-2,2,0.8157512451945738,0.8154350222177811,2579.671007680676,0.0
479,8,8,20,-2,4,0.8157512451945738,0.8154350222177811,2579.671007680676,0.0
480,8,8,20,-2,6,0.8157512451945738,0.8154350222177811,2579.671007680676,0.0
481,8,8,22,-2,2,0.8157470041213399,0.8154307738656661,2579.598218339066,0.0
482,8,8,22,-2,4,0.8157470041213399,0.8154307738656661,2579.598218339066,0.0
483,8,8,22,-2,6,0.8157470041213399,0.8154307738656661,2579.598218339066,0.0
484,8,8,24,-2,2,0.8157512270709797,0.8154350040630818,2579.6706966191505,0.0
485,8,8,24,-2,4,0.8157512270709797,0.8154350040630818,2579.6706966191505,0.0
486,8,8,24,-2,6,0.8157512270709797,0.8154350040630818,2579.6706966191505,0.0
487,8,8,26,-2,2,0.8157611655707823,0.8154449596201611,2579.8412837208934,0.0
488,8,8,26,-2,4,0.8157611655707823,0.8154449596201611,2579.8412837208934,0.0
489,8,8,26,-2,6,0.8157611655707823,0.8154449596201611,2579.8412837208934,0.0
490,8,8,28,-2,2,0.815766797541855,0.8154506012572891,2579.937960567359,0.0
491,8,8,28,-2,4,0.815766797541855,0.8154506012572891,2579.937960567359,0.0
492,8,8,28,-2,6,0.815766797541855,0.8154506012572891,2579.937960567359,0.0
493,8,8,30,-2,2,0.8157779897351114,0.8154618126595148,2580.1301001844854,0.0
494,8,8,30,-2,4,0.8157779897351114,0.8154618126595148,2580.1301001844854,0.0
495,8,8,30,-2,6,0.8157779897351114,0.8154618126595148,2580.1301001844854,0.0
496,8,10,2,-2,2,0.8223545324049584,0.822049642536715,2697.2183009653672,0.0
497,8,10,2,-2,4,0.8223545324049584,0.822049642536715,2697.2183009653672,0.0
498,8,10,2,-2,6,0.8223545324049584,0.822049642536715,2697.2183009653672,0.0
499,8,10,4,-2,2,0.8224932979846851,0.8221886462774255,2699.782336304854,0.0
500,8,10,4,-2,4,0.8224932979846851,0.8221886462774255,2699.782336304854,0.0
501,8,10,4,-2,6,0.8224932979846851,0.8221886462774255,2699.782336304854,0.0
502,8,10,6,-2,2,0.8226212608705505,0.8223168287837965,2702.1503207550927,0.0
503,8,10,6,-2,4,0.8226212608705505,0.8223168287837965,2702.1503207550927,0.0
504,8,10,6,-2,6,0.8226212608705505,0.8223168287837965,2702.1503207550927,0.0
505,8,10,8,-2,2,0.8226760031069148,0.8223716649733219,2703.1643829663385,0.0
506,8,10,8,-2,4,0.8226760031069148,0.8223716649733219,2703.1643829663385,0.0
507,8,10,8,-2,6,0.8226760031069148,0.8223716649733219,2703.1643829663385,0.0
508,8,10,10,-2,2,0.8226851970369558,0.8223808746827472,2703.3347555965443,0.0
509,8,10,10,-2,4,0.8226851970369558,0.8223808746827472,2703.3347555965443,0.0
510,8,10,10,-2,6,0.8226851970369558,0.8223808746827472,2703.3347555965443,0.0
511,8,10,12,-2,2,0.8226746502247861,0.8223703097692648,2703.1393142115794,0.0
512,8,10,12,-2,4,0.8226746502247861,0.8223703097692648,2703.1393142115794,0.0
513,8,10,12,-2,6,0.8226746502247861,0.8223703097692648,2703.1393142115794,0.0
514,8,10,14,-2,2,0.8226683519749856,0.8223640007098861,2703.0226133815136,0.0
515,8,10,14,-2,4,0.8226683519749856,0.8223640007098861,2703.0226133815136,0.0
516,8,10,14,-2,6,0.8226683519749856,0.8223640007098861,2703.0226133815136,0.0
517,8,10,16,-2,2,0.8226550300621618,0.8223506559328919,2702.7757977842484,0.0
518,8,10,16,-2,4,0.8226550300621618,0.8223506559328919,2702.7757977842484,0.0
519,8,10,16,-2,6,0.8226550300621618,0.8223506559328919,2702.7757977842484,0.0
520,8,10,18,-2,2,0.822645484321266,0.8223410938088049,2702.598966274391,0.0
521,8,10,18,-2,4,0.822645484321266,0.8223410938088049,2702.598966274391,0.0
522,8,10,18,-2,6,0.822645484321266,0.8223410938088049,2702.598966274391,0.0
523,8,10,20,-2,2,0.8226400785176129,0.8223356787272637,2702.4988340952227,0.0
524,8,10,20,-2,4,0.8226400785176129,0.8223356787272637,2702.4988340952227,0.0
525,8,10,20,-2,6,0.8226400785176129,0.8223356787272637,2702.4988340952227,0.0
526,8,10,22,-2,2,0.8226393953331849,0.822334994370298,2702.486179844089,0.0
527,8,10,22,-2,4,0.8226393953331849,0.822334994370298,2702.486179844089,0.0
528,8,10,22,-2,6,0.8226393953331849,0.822334994370298,2702.486179844089,0.0
529,8,10,24,-2,2,0.8226467948179363,0.8223424065546582,2702.6232416393827,0.0
530,8,10,24,-2,4,0.8226467948179363,0.8223424065546582,2702.6232416393827,0.0
531,8,10,24,-2,6,0.8226467948179363,0.8223424065546582,2702.6232416393827,0.0
532,8,10,26,-2,2,0.822660630132009,0.822356265614043,2702.8795459785383,0.0
533,8,10,26,-2,4,0.822660630132009,0.822356265614043,2702.8795459785383,0.0
534,8,10,26,-2,6,0.822660630132009,0.822356265614043,2702.8795459785383,0.0
535,8,10,28,-2,2,0.8226675836167616,0.8223632310329422,2703.008376971061,0.0
536,8,10,28,-2,4,0.8226675836167616,0.8223632310329422,2703.008376971061,0.0
537,8,10,28,-2,6,0.8226675836167616,0.8223632310329422,2703.008376971061,0.0
538,8,10,30,-2,2,0.8226778156300101,0.8223734806072194,2703.197969416427,0.0
539,8,10,30,-2,4,0.8226778156300101,0.8223734806072194,2703.197969416427,0.0
540,8,10,30,-2,6,0.8226778156300101,0.8223734806072194,2703.197969416427,0.0
541,10,4,2,-2,2,0.8011584520006079,0.800817183663219,2347.590925458438,0.0
542,10,4,2,-2,4,0.8011584520006079,0.800817183663219,2347.590925458438,0.0
543,10,4,2,-2,6,0.8011584520006079,0.800817183663219,2347.590925458438,0.0
544,10,4,4,-2,2,0.8012207927791329,0.8008796314361526,2348.5099037886175,0.0
545,10,4,4,-2,4,0.8012207927791329,0.8008796314361526,2348.5099037886175,0.0
546,10,4,4,-2,6,0.8012207927791329,0.8008796314361526,2348.5099037886175,0.0
547,10,4,6,-2,2,0.8012086472037928,0.8008674650155699,2348.3308181385037,0.0
548,10,4,6,-2,4,0.8012086472037928,0.8008674650155699,2348.3308181385037,0.0
549,10,4,6,-2,6,0.8012086472037928,0.8008674650155699,2348.3308181385037,0.0
550,10,4,8,-2,2,0.8011852649694143,0.8008440426506638,2347.986110354542,0.0
551,10,4,8,-2,4,0.8011852649694143,0.8008440426506638,2347.986110354542,0.0
552,10,4,8,-2,6,0.8011852649694143,0.8008440426506638,2347.986110354542,0.0
553,10,4,10,-2,2,0.8011439274731074,0.8008026342075211,2347.376899150946,0.0
554,10,4,10,-2,4,0.8011439274731074,0.8008026342075211,2347.376899150946,0.0
555,10,4,10,-2,6,0.8011439274731074,0.8008026342075211,2347.376899150946,0.0
556,10,4,12,-2,2,0.8010890571579476,0.8007476697193808,2346.568639200555,0.0
557,10,4,12,-2,4,0.8010890571579476,0.8007476697193808,2346.568639200555,0.0
558,10,4,12,-2,6,0.8010890571579476,0.8007476697193808,2346.568639200555,0.0
559,10,4,14,-2,2,0.801038136044793,0.8006966612111933,2345.818951284109,0.0
560,10,4,14,-2,4,0.801038136044793,0.8006966612111933,2345.818951284109,0.0
561,10,4,14,-2,6,0.801038136044793,0.8006966612111933,2345.818951284109,0.0
562,10,4,16,-2,2,0.8009837154620679,0.8006421472273557,2345.018166390764,0.0
563,10,4,16,-2,4,0.8009837154620679,0.8006421472273557,2345.018166390764,0.0
564,10,4,16,-2,6,0.8009837154620679,0.8006421472273557,2345.018166390764,0.0
565,10,4,18,-2,2,0.8009437948180098,0.8006021580681811,2344.431022774009,0.0
566,10,4,18,-2,4,0.8009437948180098,0.8006021580681811,2344.431022774009,0.0
567,10,4,18,-2,6,0.8009437948180098,0.8006021580681811,2344.431022774009,0.0
568,10,4,20,-2,2,0.8009188586872319,0.8005771791399499,2344.0643874008833,0.0
569,10,4,20,-2,4,0.8009188586872319,0.8005771791399499,2344.0643874008833,0.0
570,10,4,20,-2,6,0.8009188586872319,0.8005771791399499,2344.0643874008833,0.0
571,10,4,22,-2,2,0.8008979119791014,0.8005561964813436,2343.7564793931083,0.0
572,10,4,22,-2,4,0.8008979119791014,0.8005561964813436,2343.7564793931083,0.0
573,10,4,22,-2,6,0.8008979119791014,0.8005561964813436,2343.7564793931083,0.0
574,10,4,24,-2,2,0.800887683979093,0.8005459509271943,2343.6061555327615,0.0
575,10,4,24,-2,4,0.800887683979093,0.8005459509271943,2343.6061555327615,0.0
576,10,4,24,-2,6,0.800887683979093,0.8005459509271943,2343.6061555327615,0.0
577,10,4,26,-2,2,0.8008879796320262,0.8005462470875514,2343.6105006122693,0.0
578,10,4,26,-2,4,0.8008879796320262,0.8005462470875514,2343.6105006122693,0.0
579,10,4,26,-2,6,0.8008879796320262,0.8005462470875514,2343.6105006122693,0.0
580,10,4,28,-2,2,0.8008908328703876,0.8005491052228769,2343.6524340491146,0.0
581,10,4,28,-2,4,0.8008908328703876,0.8005491052228769,2343.6524340491146,0.0
582,10,4,28,-2,6,0.8008908328703876,0.8005491052228769,2343.6524340491146,0.0
583,10,4,30,-2,2,0.8009028924294674,0.8005611854795711,2343.829684097272,0.0
584,10,4,30,-2,4,0.8009028924294674,0.8005611854795711,2343.829684097272,0.0
585,10,4,30,-2,6,0.8009028924294674,0.8005611854795711,2343.829684097272,0.0
586,10,6,2,-2,2,0.8092950236709906,0.8089677199919637,2472.612058859617,0.0
587,10,6,2,-2,4,0.8092950236709906,0.8089677199919637,2472.612058859617,0.0
588,10,6,2,-2,6,0.8092950236709906,0.8089677199919637,2472.612058859617,0.0
589,10,6,4,-2,2,0.8093883218999529,0.8090611783470757,2474.107512685068,0.0
590,10,6,4,-2,4,0.8093883218999529,0.8090611783470757,2474.107512685068,0.0
591,10,6,4,-2,6,0.8093883218999529,0.8090611783470757,2474.107512685068,0.0
592,10,6,6,-2,2,0.8094345491267045,0.8091074849128235,2474.849019774312,0.0
593,10,6,6,-2,4,0.8094345491267045,0.8091074849128235,2474.849019774312,0.0
594,10,6,6,-2,6,0.8094345491267045,0.8091074849128235,2474.849019774312,0.0
595,10,6,8,-2,2,0.8094265285189135,0.8090994505394009,2474.720339550743,0.0
596,10,6,8,-2,4,0.8094265285189135,0.8090994505394009,2474.720339550743,0.0
597,10,6,8,-2,6,0.8094265285189135,0.8090994505394009,2474.720339550743,0.0
598,10,6,10,-2,2,0.8093951424289675,0.8090680105820472,2474.2168946524216,0.0
599,10,6,10,-2,4,0.8093951424289675,0.8090680105820472,2474.2168946524216,0.0
600,10,6,10,-2,6,0.8093951424289675,0.8090680105820472,2474.2168946524216,0.0
601,10,6,12,-2,2,0.8093547173723814,0.8090275161446301,2473.5687055168737,0.0
602,10,6,12,-2,4,0.8093547173723814,0.8090275161446301,2473.5687055168737,0.0
603,10,6,12,-2,6,0.8093547173723814,0.8090275161446301,2473.5687055168737,0.0
604,10,6,14,-2,2,0.8093188469413325,0.8089915841497758,2472.9937769325024,0.0
605,10,6,14,-2,4,0.8093188469413325,0.8089915841497758,2472.9937769325024,0.0
606,10,6,14,-2,6,0.8093188469413325,0.8089915841497758,2472.9937769325024,0.0
607,10,6,16,-2,2,0.8092768932240987,0.8089495584280969,2472.321620276446,0.0
608,10,6,16,-2,4,0.8092768932240987,0.8089495584280969,2472.321620276446,0.0
609,10,6,16,-2,6,0.8092768932240987,0.8089495584280969,2472.321620276446,0.0
610,10,6,18,-2,2,0.8092448919483017,0.8089175022290593,2471.809114289943,0.0
611,10,6,18,-2,4,0.8092448919483017,0.8089175022290593,2471.809114289943,0.0
612,10,6,18,-2,6,0.8092448919483017,0.8089175022290593,2471.809114289943,0.0
613,10,6,20,-2,2,0.809224125481079,0.8088967001207052,2471.476627702563,0.0
614,10,6,20,-2,4,0.809224125481079,0.8088967001207052,2471.476627702563,0.0
615,10,6,20,-2,6,0.809224125481079,0.8088967001207052,2471.476627702563,0.0
616,10,6,22,-2,2,0.8092096155957622,0.8088821653323212,2471.244356599366,0.0
617,10,6,22,-2,4,0.8092096155957622,0.8088821653323212,2471.244356599366,0.0
618,10,6,22,-2,6,0.8092096155957622,0.8088821653323212,2471.244356599366,0.0
619,10,6,24,-2,2,0.8092034859027747,0.8088760251190468,2471.146244415434,0.0
620,10,6,24,-2,4,0.8092034859027747,0.8088760251190468,2471.146244415434,0.0
621,10,6,24,-2,6,0.8092034859027747,0.8088760251190468,2471.146244415434,0.0
622,10,6,26,-2,2,0.8092064768564851,0.8088790212060796,2471.194116988112,0.0
623,10,6,26,-2,4,0.8092064768564851,0.8088790212060796,2471.194116988112,0.0
624,10,6,26,-2,6,0.8092064768564851,0.8088790212060796,2471.194116988112,0.0
625,10,6,28,-2,2,0.8092100463318359,0.8088825968076598,2471.251251220374,0.0
626,10,6,28,-2,4,0.8092100463318359,0.8088825968076598,2471.251251220374,0.0
627,10,6,28,-2,6,0.8092100463318359,0.8088825968076598,2471.251251220374,0.0
628,10,6,30,-2,2,0.8092211459523683,0.8088937154782805,2471.4289291692944,0.0
629,10,6,30,-2,4,0.8092211459523683,0.8088937154782805,2471.4289291692944,0.0
630,10,6,30,-2,6,0.8092211459523683,0.8088937154782805,2471.4289291692944,0.0
631,10,8,2,-2,2,0.8163488341046701,0.8160336367594712,2589.961008680425,0.0
632,10,8,2,-2,4,0.8163488341046701,0.8160336367594712,2589.961008680425,0.0
633,10,8,2,-2,6,0.8163488341046701,0.8160336367594712,2589.961008680425,0.0
634,10,8,4,-2,2,0.8164586247675027,0.8161436158541349,2591.858801830119,0.0
635,10,8,4,-2,4,0.8164586247675027,0.8161436158541349,2591.858801830119,0.0
636,10,8,4,-2,6,0.8164586247675027,0.8161436158541349,2591.858801830119,0.0
637,10,8,6,-2,2,0.8165462610460887,0.8162314025413623,2593.3752742534325,0.0
638,10,8,6,-2,4,0.8165462610460887,0.8162314025413623,2593.3752742534325,0.0
639,10,8,6,-2,6,0.8165462610460887,0.8162314025413623,2593.3752742534325,0.0
640,10,8,8,-2,2,0.8165668460440131,0.8162520228689654,2593.731690560063,0.0
641,10,8,8,-2,4,0.8165668460440131,0.8162520228689654,2593.731690560063,0.0
642,10,8,8,-2,6,0.8165668460440131,0.8162520228689654,2593.731690560063,0.0
643,10,8,10,-2,2,0.8165451566696,0.8162302962694512,2593.3561549290444,0.0
644,10,8,10,-2,4,0.8165451566696,0.8162302962694512,2593.3561549290444,0.0
645,10,8,10,-2,6,0.8165451566696,0.8162302962694512,2593.3561549290444,0.0
646,10,8,12,-2,2,0.8165143090992829,0.8161993957559783,2592.822204772349,0.0
647,10,8,12,-2,4,0.8165143090992829,0.8161993957559783,2592.822204772349,0.0
648,10,8,12,-2,6,0.8165143090992829,0.8161993957559783,2592.822204772349,0.0
649,10,8,14,-2,2,0.8164912793360776,0.8161763264671855,2592.4236924980696,0.0
650,10,8,14,-2,4,0.8164912793360776,0.8161763264671855,2592.4236924980696,0.0
651,10,8,14,-2,6,0.8164912793360776,0.8161763264671855,2592.4236924980696,0.0
652,10,8,16,-2,2,0.8164604440278296,0.816145438236827,2591.8902678874447,0.0
653,10,8,16,-2,4,0.8164604440278296,0.816145438236827,2591.8902678874447,0.0
654,10,8,16,-2,6,0.8164604440278296,0.816145438236827,2591.8902678874447,0.0
655,10,8,18,-2,2,0.8164370373872476,0.8161219914238294,2591.4854725605446,0.0
656,10,8,18,-2,4,0.8164370373872476,0.8161219914238294,2591.4854725605446,0.0
657,10,8,18,-2,6,0.8164370373872476,0.8161219914238294,2591.4854725605446,0.0
658,10,8,20,-2,2,0.8164204163958779,0.8161053419061374,2591.1980911818014,0.0
659,10,8,20,-2,4,0.8164204163958779,0.8161053419061374,2591.1980911818014,0.0
660,10,8,20,-2,6,0.8164204163958779,0.8161053419061374,2591.1980911818014,0.0
661,10,8,22,-2,2,0.8164099335613726,0.816094841080123,2591.016866932693,0.0
662,10,8,22,-2,4,0.8164099335613726,0.816094841080123,2591.016866932693,0.0
663,10,8,22,-2,6,0.8164099335613726,0.816094841080123,2591.016866932693,0.0
664,10,8,24,-2,2,0.8164097247788082,0.8160946319392287,2591.013257769542,0.0
665,10,8,24,-2,4,0.8164097247788082,0.8160946319392287,2591.013257769542,0.0
666,10,8,24,-2,6,0.8164097247788082,0.8160946319392287,2591.013257769542,0.0
667,10,8,26,-2,2,0.8164162701280344,0.8161011885221254,2591.1264092133792,0.0
668,10,8,26,-2,4,0.8164162701280344,0.8161011885221254,2591.1264092133792,0.0
669,10,8,26,-2,6,0.8164162701280344,0.8161011885221254,2591.1264092133792,0.0
670,10,8,28,-2,2,0.8164198985354001,0.8161048231568645,2591.1891380717966,0.0
671,10,8,28,-2,4,0.8164198985354001,0.8161048231568645,2591.1891380717966,0.0
672,10,8,28,-2,6,0.8164198985354001,0.8161048231568645,2591.1891380717966,0.0
673,10,8,30,-2,2,0.8164294937110237,0.8161144348005234,2591.355033934705,0.0
674,10,8,30,-2,4,0.8164294937110237,0.8161144348005234,2591.355033934705,0.0
675,10,8,30,-2,6,0.8164294937110237,0.8161144348005234,2591.355033934705,0.0
676,10,10,2,-2,2,0.8231028003808809,0.8227991947521269,2711.092030008891,0.0
677,10,10,2,-2,4,0.8231028003808809,0.8227991947521269,2711.092030008891,0.0
678,10,10,2,-2,6,0.8231028003808809,0.8227991947521269,2711.092030008891,0.0
679,10,10,4,-2,2,0.8232285677531828,0.8229251779768121,2713.4354281844858,0.0
680,10,10,4,-2,4,0.8232285677531828,0.8229251779768121,2713.4354281844858,0.0
681,10,10,4,-2,6,0.8232285677531828,0.8229251779768121,2713.4354281844858,0.0
682,10,10,6,-2,2,0.8233437358945301,0.8230405437792645,2715.5842597467285,0.0
683,10,10,6,-2,4,0.8233437358945301,0.8230405437792645,2715.5842597467285,0.0
684,10,10,6,-2,6,0.8233437358945301,0.8230405437792645,2715.5842597467285,0.0
685,10,10,8,-2,2,0.8233908610617794,0.8230877498266298,2716.4643390917586,0.0
686,10,10,8,-2,4,0.8233908610617794,0.8230877498266298,2716.4643390917586,0.0
687,10,10,8,-2,6,0.8233908610617794,0.8230877498266298,2716.4643390917586,0.0
688,10,10,10,-2,2,0.8233921499458983,0.8230890409228384,2716.4884160619235,0.0
689,10,10,10,-2,4,0.8233921499458983,0.8230890409228384,2716.4884160619235,0.0
690,10,10,10,-2,6,0.8233921499458983,0.8230890409228384,2716.4884160619235,0.0
691,10,10,12,-2,2,0.8233718209412817,0.8230686770279,2716.108701495125,0.0
692,10,10,12,-2,4,0.8233718209412817,0.8230686770279,2716.108701495125,0.0
693,10,10,12,-2,6,0.8233718209412817,0.8230686770279,2716.108701495125,0.0
694,10,10,14,-2,2,0.8233565584548317,0.8230533883467064,2715.8236791420845,0.0
695,10,10,14,-2,4,0.8233565584548317,0.8230533883467064,2715.8236791420845,0.0
696,10,10,14,-2,6,0.8233565584548317,0.8230533883467064,2715.8236791420845,0.0
697,10,10,16,-2,2,0.8233344572983547,0.8230312492583938,2715.4110339693902,0.0
698,10,10,16,-2,4,0.8233344572983547,0.8230312492583938,2715.4110339693902,0.0
699,10,10,16,-2,6,0.8233344572983547,0.8230312492583938,2715.4110339693902,0.0
700,10,10,18,-2,2,0.8233179480619389,0.8230147116874587,2715.102861499303,0.0
701,10,10,18,-2,4,0.8233179480619389,0.8230147116874587,2715.102861499303,0.0
702,10,10,18,-2,6,0.8233179480619389,0.8230147116874587,2715.102861499303,0.0
703,10,10,20,-2,2,0.8233061628651348,0.8230029062639235,2714.8829063458948,0.0
704,10,10,20,-2,4,0.8233061628651348,0.8230029062639235,2714.8829063458948,0.0
705,10,10,20,-2,6,0.8233061628651348,0.8230029062639235,2714.8829063458948,0.0
706,10,10,22,-2,2,0.8232997789457323,0.8229965113879096,2714.763771162058,0.0
707,10,10,22,-2,4,0.8232997789457323,0.8229965113879096,2714.763771162058,0.0
708,10,10,22,-2,6,0.8232997789457323,0.8229965113879096,2714.763771162058,0.0
709,10,10,24,-2,2,0.8233033301485148,0.8230000686855605,2714.830041800385,0.0
710,10,10,24,-2,4,0.8233033301485148,0.8230000686855605,2714.830041800385,0.0
711,10,10,24,-2,6,0.8233033301485148,0.8230000686855605,2714.830041800385,0.0
712,10,10,26,-2,2,0.8233143123064095,0.8230110696919445,2715.035001788177,0.0
713,10,10,26,-2,4,0.8233143123064095,0.8230110696919445,2715.035001788177,0.0
714,10,10,26,-2,6,0.8233143123064095,0.8230110696919445,2715.035001788177,0.0
715,10,10,28,-2,2,0.8233199166983873,0.823016683702644,2715.1396063621546,0.0
716,10,10,28,-2,4,0.8233199166983873,0.823016683702644,2715.1396063621546,0.0
717,10,10,28,-2,6,0.8233199166983873,0.823016683702644,2715.1396063621546,0.0
718,10,10,30,-2,2,0.8233292085957495,0.8230259915475303,2715.313051924585,0.0
719,10,10,30,-2,4,0.8233292085957495,0.8230259915475303,2715.313051924585,0.0
720,10,10,30,-2,6,0.8233292085957495,0.8230259915475303,2715.313051924585,0.0
